DateTime_EST,Wind Speed (m/s),Wind Dir (deg),Wind Gust (m/s),Air Temp (°C),Baro (mb)
2/17/2021 0:00,14,289,16.7,0.4,1016.9
2/17/2021 0:06,14.2,291,16.8,0.3,1017.1
2/17/2021 0:12,12.4,290,15.7,0.3,1017.1
2/17/2021 0:18,13.9,285,16.4,0.2,1017.3
2/17/2021 0:24,13.7,288,15.3,0.2,1017.6
2/17/2021 0:30,12.6,284,14.8,0.2,1017.9
2/17/2021 0:36,12.3,286,15.7,0.1,1018
2/17/2021 0:42,11,288,14.8,0.2,1018.2
2/17/2021 0:48,13,286,15.3,0,1018.3
2/17/2021 0:54,12.9,288,15,0,1018.3
2/17/2021 1:00,12.6,288,14.2,-0.1,1018.4
2/17/2021 1:06,11.5,289,14.2,-0.1,1018.4
2/17/2021 1:12,11.8,288,13.7,-0.2,1018.4
2/17/2021 1:18,11.9,285,13.5,-0.3,1018.4
2/17/2021 1:24,11.2,288,13.2,-0.2,1018.6
2/17/2021 1:30,11.7,290,13.6,-0.2,1018.7
2/17/2021 1:36,10.7,288,13.3,-0.3,1018.7
2/17/2021 1:42,10.6,291,12.8,-0.3,1018.8
2/17/2021 1:48,10.5,290,12.8,-0.3,1019
2/17/2021 1:54,10.6,291,13.1,-0.3,1019.1
2/17/2021 2:00,-,-,-,-,-
2/17/2021 2:06,10.6,289,12.3,-0.4,1019.4
2/17/2021 2:12,-,-,-,-,-
2/17/2021 2:18,7.5,327,12,-0.6,1019.9
2/17/2021 2:24,8.1,335,11.4,-1,1020.2
2/17/2021 2:30,10,322,12.3,-1,1020.4
2/17/2021 2:36,12.3,315,14.7,-1.1,1020.5
2/17/2021 2:42,12.9,314,15.7,-1.2,1020.5
2/17/2021 2:48,11.6,311,13.2,-1.2,1020.5
2/17/2021 2:54,9.4,326,14,-1.4,1020.5
2/17/2021 3:00,9.5,320,12,-1.4,1020.6
2/17/2021 3:06,10.6,325,13.5,-1.6,1020.6
2/17/2021 3:12,10.5,333,13.1,-1.7,1020.7
2/17/2021 3:18,11.2,323,12.6,-1.7,1020.9
2/17/2021 3:24,8.8,327,12.1,-1.8,1020.8
2/17/2021 3:30,7.9,328,11.5,-1.9,1020.9
2/17/2021 3:36,8.3,319,10.1,-1.9,1020.9
2/17/2021 3:42,9.3,317,11.7,-1.9,1020.9
2/17/2021 3:48,9.9,318,12.5,-2,1021
2/17/2021 3:54,9.3,314,13.3,-2,1021.3
2/17/2021 4:00,9.6,316,11.2,-2,1021.6
2/17/2021 4:06,9,312,11.8,-2,1021.7
2/17/2021 4:12,8.6,313,11.9,-2,1022.1
2/17/2021 4:18,9.9,308,11.5,-2.1,1022.2
2/17/2021 4:24,10.2,307,12.2,-2.1,1022.4
2/17/2021 4:30,9.5,314,11.4,-2.2,1022.4
2/17/2021 4:36,9,314,11.5,-2.3,1022.3
2/17/2021 4:42,9.7,311,11.4,-2.3,1022.7
2/17/2021 4:48,10.2,310,11.9,-2.3,1022.8
2/17/2021 4:54,9.7,312,12.2,-2.4,1022.9
2/17/2021 5:00,9.9,311,12.1,-2.4,1023.3
2/17/2021 5:06,8.6,313,12.8,-2.4,1023.7
2/17/2021 5:12,9.7,316,11.5,-2.5,1023.7
2/17/2021 5:18,8.3,315,12,-2.5,1023.9
2/17/2021 5:24,7.8,318,11.8,-2.6,1024.2
2/17/2021 5:30,7.7,318,9.9,-2.6,1024.4
2/17/2021 5:36,8.9,310,10.5,-2.7,1024.5
2/17/2021 5:42,7.9,321,12.5,-2.7,1024.4
2/17/2021 5:48,9.5,312,11.6,-2.7,1024.5
2/17/2021 5:54,9.8,319,11.7,-2.7,1024.8
2/17/2021 6:00,11,322,13.3,-2.8,1024.7
2/17/2021 6:06,9.9,315,12.8,-2.8,1024.9
2/17/2021 6:12,11.5,314,14.3,-2.9,1025
2/17/2021 6:18,10.9,317,14.3,-2.9,1025.1
2/17/2021 6:24,10.4,313,13.9,-2.9,1025.4
2/17/2021 6:30,10.8,319,13.4,-3,1025.8
2/17/2021 6:36,9.8,314,13.7,-3.1,1026
2/17/2021 6:42,11.4,321,13.2,-3.4,1026.3
2/17/2021 6:48,10.4,319,13.4,-3.3,1026.6
2/17/2021 6:54,9.8,312,12.9,-3.3,1026.8
2/17/2021 7:00,11,307,13.3,-3.3,1026.9
2/17/2021 7:06,12.2,302,13.7,-3.4,1027
2/17/2021 7:12,10.8,306,12.3,-3.5,1027.1
2/17/2021 7:18,10.5,303,12.3,-3.5,1027.6
2/17/2021 7:24,11.2,304,12.7,-3.6,1027.4
2/17/2021 7:30,8.7,324,12.4,-3.8,1027.3
2/17/2021 7:36,10.4,310,11.8,-3.8,1027.4
2/17/2021 7:42,9.1,320,12,-4.1,1027.6
2/17/2021 7:48,8.4,316,10.9,-3.9,1027.7
2/17/2021 7:54,8.9,314,12.3,-4.1,1027.9
2/17/2021 8:00,9.6,331,11.6,-4.2,1027.8
2/17/2021 8:06,10.3,323,12.4,-4.3,1028
2/17/2021 8:12,-,-,-,-,-
2/17/2021 8:18,7.4,336,11.2,-4.7,1028.1
2/17/2021 8:24,9.2,325,12.4,-4.7,1028.3
2/17/2021 8:30,9.2,325,12.3,-4.6,1028.6
2/17/2021 8:36,9.1,319,11.4,-4.6,1028.7
2/17/2021 8:42,9,338,11.8,-4.8,1028.2
2/17/2021 8:48,10.2,334,12.2,-4.9,1028.1
2/17/2021 8:54,7.7,344,13,-4.9,1028.2
2/17/2021 9:00,7.9,342,11.2,-5,1028.6
2/17/2021 9:06,9.9,323,12.5,-5,1028.8
2/17/2021 9:12,7.4,336,11.4,-4.6,1028.9
2/17/2021 9:18,7.6,331,10.6,-5,1028.8
2/17/2021 9:24,7.7,325,9.9,-4.9,1028.8
2/17/2021 9:30,7,346,10.6,-5,1028.5
2/17/2021 9:36,8.7,330,10.9,-5.2,1028.7
2/17/2021 9:42,7.8,320,10.1,-4.9,1028.9
2/17/2021 9:48,7.4,332,11.1,-4.8,1029
2/17/2021 9:54,7.8,323,9.7,-4.8,1028.9
2/17/2021 10:00,7.6,337,9.8,-4.8,1028.7
2/17/2021 10:06,7.7,329,10.3,-4.6,1028.6
2/17/2021 10:12,7.4,324,8.9,-4.3,1028.8
2/17/2021 10:18,5.7,328,9.5,-4.3,1029.1
2/17/2021 10:24,7,327,8.4,-4.4,1029.5
2/17/2021 10:30,7.6,312,9.2,-4.2,1029.4
2/17/2021 10:36,6.5,332,8.9,-4,1029.5
2/17/2021 10:42,7.8,324,9.7,-4,1029.6
2/17/2021 10:48,7.6,317,8.9,-4,1029.7
2/17/2021 10:54,8,322,9.3,-3.9,1029.8
2/17/2021 11:00,6.2,310,9.1,-3.9,1030
2/17/2021 11:06,6.7,315,7.7,-3.7,1029.8
2/17/2021 11:12,5.2,333,8.3,-3.3,1029.9
2/17/2021 11:18,5.7,321,7.4,-3.5,1030.1
2/17/2021 11:24,5.7,318,8.6,-3.1,1030.2
2/17/2021 11:30,4.9,333,7.8,-3.2,1030.2
2/17/2021 11:36,4.2,344,6.6,-3,1030.1
2/17/2021 11:42,5.3,333,7.3,-2.9,1030.2
2/17/2021 11:48,4.3,326,6.6,-2.9,1030.3
2/17/2021 11:54,-,-,-,-,-
2/17/2021 12:00,-,-,-,-,-
2/17/2021 12:06,4.9,331,5.9,-2.8,1030.1
2/17/2021 12:12,4.8,327,6,-2.4,1030.1
2/17/2021 12:18,4.5,317,5.3,-2.7,1030.1
2/17/2021 12:24,3.9,331,6.8,-2.4,1030.1
2/17/2021 12:30,3.5,327,5.2,-2.4,1030
2/17/2021 12:36,4.2,330,6.3,-2.1,1029.9
2/17/2021 12:42,4.5,342,7.1,-2,1029.9
2/17/2021 12:48,5.6,322,7.5,-2.1,1030.1
2/17/2021 12:54,4.7,331,6.3,-2.4,1029.9
2/17/2021 13:00,5.4,330,6.5,-2.4,1029.6
2/17/2021 13:06,3.8,337,5.4,-1.7,1029.6
2/17/2021 13:12,4.6,325,6.5,-2.1,1029.4
2/17/2021 13:18,4.4,339,7,-2,1029.6
2/17/2021 13:24,-,-,-,-,-
2/17/2021 13:30,5.3,312,6.4,-2.2,1029.3
2/17/2021 13:36,4.8,313,6.2,-2.1,1029.2
2/17/2021 13:42,4.8,341,6.4,-1.8,1028.8
2/17/2021 13:48,4.5,321,5.9,-1.8,1029.1
2/17/2021 13:54,4.3,335,5.5,-1.6,1029
2/17/2021 14:00,4.2,345,6.2,-1.5,1029.1
2/17/2021 14:06,4.1,316,5.1,-1.5,1028.9
2/17/2021 14:12,4.7,308,5.5,-1.7,1029.1
2/17/2021 14:18,3.6,339,5.3,-1.1,1029
2/17/2021 14:24,5,334,6.8,-1.2,1029
2/17/2021 14:30,5.4,327,7.1,-1.3,1028.9
2/17/2021 14:36,5,317,6.4,-1.4,1029
2/17/2021 14:42,4.4,340,6.9,-0.7,1029
2/17/2021 14:48,4.4,2,6.8,-0.6,1029.2
2/17/2021 14:54,4.4,347,6.7,-0.8,1029.2
2/17/2021 15:00,4.5,5,6.7,-0.7,1029.3
2/17/2021 15:06,3.8,348,5.2,-0.6,1029.4
2/17/2021 15:12,4.2,348,5.8,-0.6,1029.5
2/17/2021 15:18,3.9,357,5.6,-0.6,1029.7
2/17/2021 15:24,4,355,6.9,-0.5,1029.8
2/17/2021 15:30,3.3,356,5.1,-0.6,1029.9
2/17/2021 15:36,3.7,-,5.7,-0.7,1029.8
2/17/2021 15:42,3.4,12,5.6,-0.5,1029.8
2/17/2021 15:48,3.1,318,4.8,-0.6,1029.7
2/17/2021 15:54,3.2,4,4.8,-0.5,1029.6
2/17/2021 16:00,3.6,-,5.2,-0.4,1029.7
2/17/2021 16:06,2.8,356,4.9,-0.1,1029.7
2/17/2021 16:12,2.9,10,4,-0.1,1029.9
2/17/2021 16:18,2.3,354,3.9,-0.1,1029.8
2/17/2021 16:24,3.1,343,4.2,-0.4,1029.7
2/17/2021 16:30,1.9,347,3.7,-0.1,1029.6
2/17/2021 16:36,1.5,345,2.6,-0.1,1029.4
2/17/2021 16:42,1.6,291,2.8,0.2,1029.4
2/17/2021 16:48,1.4,276,2.7,0.3,1029.5
2/17/2021 16:54,1,296,2,0.1,1029.6
2/17/2021 17:00,1.1,266,2,0,1029.8
2/17/2021 17:06,0.7,268,1.3,0.2,1030
2/17/2021 17:12,1.7,270,2.3,-0.1,1030.5
2/17/2021 17:18,3.2,258,4.4,-0.5,1030.7
2/17/2021 17:24,3.1,268,5.6,-0.4,1030.6
2/17/2021 17:30,4.1,274,4.8,-0.5,1030.8
2/17/2021 17:36,3.6,264,4.8,-0.6,1030.7
2/17/2021 17:42,3.3,268,4.5,-0.6,1030.7
2/17/2021 17:48,1.9,295,3.7,-0.7,1030.4
2/17/2021 17:54,2.1,288,2.8,-0.6,1030.4
2/17/2021 18:00,1.3,267,2.5,-0.7,1030.3
2/17/2021 18:06,1.4,268,2.1,-0.6,1030.4
2/17/2021 18:12,2,254,2.8,-0.6,1030.6
2/17/2021 18:18,2.5,267,3,-0.6,1030.6
2/17/2021 18:24,1,262,2.2,-0.7,1030.6
2/17/2021 18:30,1.1,279,2,-0.7,1030.8
2/17/2021 18:36,1.5,296,2.1,-0.6,1030.9
2/17/2021 18:42,1,249,1.2,-0.6,1030.9
2/17/2021 18:48,1.3,268,1.9,-0.7,1031.1
2/17/2021 18:54,1.8,276,2.2,-0.6,1031.3
2/17/2021 19:00,2.3,254,2.7,-0.5,1031.5
2/17/2021 19:06,2.4,267,3.2,-0.4,1031.9
2/17/2021 19:12,1.9,271,2.9,-0.5,1031.8
2/17/2021 19:18,1.7,269,2.1,-0.5,1031.7
2/17/2021 19:24,1.7,286,2.4,-0.5,1031.9
2/17/2021 19:30,2.2,291,3,-0.4,1032.2
2/17/2021 19:36,1.8,271,2.8,-0.4,1032.2
2/17/2021 19:42,2,293,2.5,-0.4,1031.9
2/17/2021 19:48,1.5,272,2.2,-0.4,1032
2/17/2021 19:54,1.3,281,2.9,-0.4,1031.9
2/17/2021 20:00,1.8,240,2.9,-0.4,1032.1
2/17/2021 20:06,2.1,313,3,-0.4,1032.2
2/17/2021 20:12,2.6,295,3,-0.3,1032.4
2/17/2021 20:18,2.5,287,3.2,-0.3,1032.9
2/17/2021 20:24,3.1,306,4.1,-0.3,1032.5
2/17/2021 20:30,2.6,298,3.2,-0.3,1032.5
2/17/2021 20:36,2.8,283,3.6,-0.3,1032.7
2/17/2021 20:42,2.4,271,3.7,-0.7,1032.4
2/17/2021 20:48,3.2,267,4.2,-0.6,1032.6
2/17/2021 20:54,2.9,254,3.4,-0.5,1032.7
2/17/2021 21:00,2.4,251,3.1,-0.5,1032.2
2/17/2021 21:06,2.5,262,2.8,-0.4,1032.4
2/17/2021 21:12,1.4,257,2.9,-0.5,1032.2
2/17/2021 21:18,1.5,255,1.8,-0.5,1032.2
2/17/2021 21:24,1.3,280,2.1,-0.5,1032.3
2/17/2021 21:30,1.3,302,2,-0.6,1032.1
2/17/2021 21:36,0.8,265,1.3,-0.6,1032.2
2/17/2021 21:42,1.6,239,2.1,-0.4,1032.3
2/17/2021 21:48,2.7,224,3,-0.6,1032.4
2/17/2021 21:54,2.9,231,3.3,-0.6,1032.4
2/17/2021 22:00,3.1,230,3.5,-0.9,1032.3
2/17/2021 22:06,3.6,246,4.1,-0.8,1032.5
2/17/2021 22:12,3.6,250,4.1,-0.8,1032.5
2/17/2021 22:18,4.2,251,4.5,-0.9,1032.6
2/17/2021 22:24,3.8,248,4.2,-0.9,1032.5
2/17/2021 22:30,4,256,4.4,-0.8,1032.6
2/17/2021 22:36,4,260,4.5,-0.9,1032.5
2/17/2021 22:42,3.5,271,4.5,-0.9,1032.4
2/17/2021 22:48,2.9,270,4.2,-0.9,1032.1
2/17/2021 22:54,3,267,3.6,-0.8,1032
2/17/2021 23:00,3.5,278,4.1,-0.7,1032.2
2/17/2021 23:06,3.4,278,4.5,-0.7,1032.2
2/17/2021 23:12,3.2,273,4.2,-0.7,1032.1
2/17/2021 23:18,3.3,277,4,-0.8,1032.1
2/17/2021 23:24,3.1,274,3.8,-0.8,1032
2/17/2021 23:30,2.6,274,3.5,-0.8,1032.1
2/17/2021 23:36,2.8,290,3.8,-0.8,1032
2/17/2021 23:42,2.9,278,3.8,-0.8,1031.9
2/17/2021 23:48,2.1,288,3.6,-0.7,1031.8
2/17/2021 23:54,2.3,298,3.2,-0.7,1031.6
2/18/2021 0:00,1.6,308,3.3,-0.8,1031.5
2/18/2021 0:06,1.7,327,2.1,-0.8,1031.4
2/18/2021 0:12,-,-,-,-,-
2/18/2021 0:18,1.8,330,2.3,-1,1031.5
2/18/2021 0:24,2.1,331,2.4,-1,1031.6
2/18/2021 0:30,2.3,339,2.8,-0.9,1031.5
2/18/2021 0:36,2.1,337,2.8,-0.7,1031.7
2/18/2021 0:42,0.7,325,2.1,-0.9,1031.8
2/18/2021 0:48,1,308,1.6,-0.8,1032.1
2/18/2021 0:54,0.7,321,1.2,-0.8,1032
2/18/2021 1:00,1.2,352,1.3,-0.6,1031.7
2/18/2021 1:06,1.3,24,1.7,-1.1,1031.8
2/18/2021 1:12,2.1,70,2.9,-1.3,1032
2/18/2021 1:18,3.3,58,4.6,-1.1,1031.8
2/18/2021 1:24,4.4,51,6,-1.1,1031.7
2/18/2021 1:30,4.3,57,6.5,-1.1,1031.5
2/18/2021 1:36,4.2,53,6.2,-1.2,1031.4
2/18/2021 1:42,5,53,6.4,-1.3,1031.1
2/18/2021 1:48,5.1,50,7.1,-1.4,1031.2
2/18/2021 1:54,4.7,53,7.7,-1.4,1031.2
2/18/2021 2:00,5.7,49,6.7,-1.4,1031
2/18/2021 2:06,5.2,47,7.2,-1.3,1031.7
2/18/2021 2:12,5.2,44,7.1,-1.4,1031.7
2/18/2021 2:18,6.5,48,8.1,-1.4,1031.7
2/18/2021 2:24,5.8,43,7.5,-1.4,1031.7
2/18/2021 2:30,6.2,49,8.1,-1.5,1031.6
2/18/2021 2:36,5.4,44,8.1,-1.4,1031.9
2/18/2021 2:42,3.6,46,6.3,-1.4,1032
2/18/2021 2:48,4.5,53,6.9,-1.5,1031.8
2/18/2021 2:54,3.9,53,6.2,-1.5,1031.8
2/18/2021 3:00,4.1,54,6,-1.5,1031.9
2/18/2021 3:06,4.9,48,6.6,-1.5,1031.7
2/18/2021 3:12,3.7,54,6,-1.5,1031.5
2/18/2021 3:18,4.2,64,6.5,-1.5,1031.4
2/18/2021 3:24,3.3,56,5.2,-1.5,1031.6
2/18/2021 3:30,3.5,47,4.7,-1.5,1031.6
2/18/2021 3:36,4.4,49,5.6,-1.5,1031.7
2/18/2021 3:42,3.9,63,6.2,-1.5,1031.6
2/18/2021 3:48,4.9,49,6.2,-1.6,1031.8
2/18/2021 3:54,4.3,53,6,-1.6,1031.5
2/18/2021 4:00,4.7,53,6.5,-1.6,1031.6
2/18/2021 4:06,4.5,71,6,-1.6,1031.8
2/18/2021 4:12,3.3,71,6.3,-1.6,1031.9
2/18/2021 4:18,3.8,64,5.1,-1.5,1031.8
2/18/2021 4:24,3.9,64,6,-1.5,1031.7
2/18/2021 4:30,4.3,56,6.4,-1.5,1032.1
2/18/2021 4:36,4.5,53,6.8,-1.6,1032.1
2/18/2021 4:42,5.2,51,6.6,-1.5,1032.3
2/18/2021 4:48,4.8,30,6.3,-1.6,1032.6
2/18/2021 4:54,5.2,42,6.9,-1.6,1032.6
2/18/2021 5:00,5.9,46,7.6,-1.6,1032.4
2/18/2021 5:06,4.9,47,7.1,-1.6,1032.1
2/18/2021 5:12,5.4,48,7.4,-1.6,1032.1
2/18/2021 5:18,6,42,7.3,-1.7,1032
2/18/2021 5:24,4.7,39,8,-1.7,1032.2
2/18/2021 5:30,4.2,43,6.4,-1.6,1032.3
2/18/2021 5:36,4.2,55,5.7,-1.7,1032.4
2/18/2021 5:42,4.6,54,7,-1.7,1032.1
2/18/2021 5:48,4.7,66,7.1,-1.7,1032.1
2/18/2021 5:54,6.4,53,8.6,-1.8,1032.3
2/18/2021 6:00,5.5,51,8.1,-1.8,1032.7
2/18/2021 6:06,5.2,58,7.1,-1.9,1032.7
2/18/2021 6:12,5.6,69,7.3,-1.9,1032.1
2/18/2021 6:18,5.8,53,7.9,-2.3,1031.9
2/18/2021 6:24,5.3,70,8.4,-2.8,1032.2
2/18/2021 6:30,5.7,63,9.3,-3,1032.2
2/18/2021 6:36,4.7,44,8.8,-3.3,1032.3
2/18/2021 6:42,5.4,79,7.1,-3.6,1032.6
2/18/2021 6:48,4.6,66,7.6,-3.7,1032.7
2/18/2021 6:54,5.2,71,6.5,-4,1032.7
2/18/2021 7:00,5.8,59,7.6,-4.2,1032.5
2/18/2021 7:06,4.9,54,7.4,-4.4,1032.2
2/18/2021 7:12,5.4,59,7.9,-4.7,1032.2
2/18/2021 7:18,5.9,49,7.5,-4.6,1032.1
2/18/2021 7:24,6.3,60,8.2,-4.7,1031.9
2/18/2021 7:30,6.3,58,8,-4.7,1032
2/18/2021 7:36,6,51,8.3,-4.7,1031.9
2/18/2021 7:42,5.6,61,9,-4.7,1032
2/18/2021 7:48,5.9,58,9,-4.5,1032.1
2/18/2021 7:54,5.4,63,8.5,-4.4,1032
2/18/2021 8:00,4.6,63,8.8,-4.5,1032.2
2/18/2021 8:06,5.3,60,7.3,-4.5,1032.2
2/18/2021 8:12,6.2,67,7.7,-4.5,1032.2
2/18/2021 8:18,5.1,66,8.3,-4.4,1032.3
2/18/2021 8:24,4.3,78,6.9,-4.3,1032.3
2/18/2021 8:30,4.6,75,7.2,-4.3,1032.4
2/18/2021 8:36,5.5,70,7.4,-4.4,1032.3
2/18/2021 8:42,4.7,54,6.8,-4.3,1032
2/18/2021 8:48,6,60,7.8,-4.2,1031.7
2/18/2021 8:54,7,47,9.3,-4.2,1031.6
2/18/2021 9:00,5.9,45,7.6,-4.1,1031.8
2/18/2021 9:06,6.3,43,8.3,-4.1,1031.3
2/18/2021 9:12,5.9,47,8.1,-4,1031.2
2/18/2021 9:18,5.4,49,8.4,-4,1031.1
2/18/2021 9:24,5.1,47,8.2,-3.9,1031.3
2/18/2021 9:30,5.1,42,7.9,-4.1,1031.1
2/18/2021 9:36,6.1,50,7.9,-3.9,1030.6
2/18/2021 9:42,5.9,49,8.9,-3.9,1030.6
2/18/2021 9:48,5.6,48,8.3,-3.7,1030.6
2/18/2021 9:54,5.3,44,8.5,-3.7,1030.7
2/18/2021 10:00,7.2,51,9.2,-3.8,1030.4
2/18/2021 10:06,7.2,47,9.2,-3.8,1030.1
2/18/2021 10:12,7.3,46,9.5,-3.8,1030
2/18/2021 10:18,6.6,43,8.9,-3.7,1030
2/18/2021 10:24,6.8,44,8.7,-3.7,1029.9
2/18/2021 10:30,6.5,46,9,-3.6,1029.8
2/18/2021 10:36,6.9,43,8.6,-3.6,1029.8
2/18/2021 10:42,7,42,9.2,-3.5,1029.9
2/18/2021 10:48,6.9,46,9.7,-3.5,1030.4
2/18/2021 10:54,5,36,8.5,-3.4,1030.7
2/18/2021 11:00,7.1,28,10,-3.5,1030.7
2/18/2021 11:06,6.2,37,8.6,-3.4,1030.7
2/18/2021 11:12,7,48,9.4,-3.5,1030.4
2/18/2021 11:18,5.8,41,9.6,-3.4,1030.2
2/18/2021 11:24,6.7,43,9.8,-3.2,1030.1
2/18/2021 11:30,5.1,34,7.8,-3.3,1029.8
2/18/2021 11:36,6.7,45,8.9,-3.4,1029.4
2/18/2021 11:42,6.6,45,9.3,-3.4,1029.2
2/18/2021 11:48,6.6,46,9.1,-3.4,1029.2
2/18/2021 11:54,6.4,50,9.4,-3.3,1029.1
2/18/2021 12:00,6.1,53,8.3,-3.2,1028.5
2/18/2021 12:06,7.1,51,8.7,-3.3,1028.5
2/18/2021 12:12,7.5,49,9.2,-3.1,1028.3
2/18/2021 12:18,7.8,56,9.7,-3.1,1028.3
2/18/2021 12:24,6.4,63,10.1,-3,1028.5
2/18/2021 12:30,-,-,-,-,-
2/18/2021 12:36,6.8,60,8.9,-2.9,1028.5
2/18/2021 12:42,7,65,10.2,-3,1027.8
2/18/2021 12:48,6.6,73,9.8,-3,1027.5
2/18/2021 12:54,7.5,77,9.8,-2.9,1027.1
2/18/2021 13:00,7.9,64,9.7,-2.9,1027
2/18/2021 13:06,7.2,58,10.8,-2.7,1026.7
2/18/2021 13:12,7.6,63,10.8,-2.7,1026.4
2/18/2021 13:18,7.7,68,11.3,-2.7,1026.2
2/18/2021 13:24,9.8,68,12.5,-2.7,1025.5
2/18/2021 13:30,10,73,13.1,-2.6,1024.8
2/18/2021 13:36,10,78,13,-2.4,1024.7
2/18/2021 13:42,9.4,81,13.8,-2.1,1025.5
2/18/2021 13:48,8.8,73,12,-2,1025.5
2/18/2021 13:54,8,73,11.8,-1.8,1025.9
2/18/2021 14:00,9.7,67,12.7,-1.7,1026.1
2/18/2021 14:06,8.9,54,11.1,-1.6,1026.5
2/18/2021 14:12,7.9,52,12.7,-1.5,1026.4
2/18/2021 14:18,8.6,47,12.8,-1.7,1026.5
2/18/2021 14:24,7.2,42,10.5,-1.7,1026.8
2/18/2021 14:30,8.6,47,10.9,-1.8,1026.4
2/18/2021 14:36,7.8,38,11.1,-1.9,1026.5
2/18/2021 14:42,8.3,43,11.9,-1.9,1026.4
2/18/2021 14:48,7.1,39,10.2,-2.1,1026.3
2/18/2021 14:54,5.5,36,9,-2,1026.3
2/18/2021 15:00,7.5,39,9.6,-2.2,1026.2
2/18/2021 15:06,7,31,10.5,-2.2,1026.4
2/18/2021 15:12,7.1,32,11.5,-2.2,1026.5
2/18/2021 15:18,6.9,34,11.1,-2.2,1026.3
2/18/2021 15:24,7.5,43,11.3,-2.1,1026.1
2/18/2021 15:30,9.6,41,12.4,-2,1026.2
2/18/2021 15:36,9.3,44,12.4,-1.9,1026.3
2/18/2021 15:42,7.6,38,10.8,-2,1026.1
2/18/2021 15:48,7.6,43,11,-2.2,1026.2
2/18/2021 15:54,8.4,43,10.5,-2.2,1026.2
2/18/2021 16:00,7,36,9.4,-2.2,1026.4
2/18/2021 16:06,7.7,40,9.8,-2.3,1026.5
2/18/2021 16:12,8.1,40,10.7,-2.2,1026.5
2/18/2021 16:18,6.5,37,10.1,-2.2,1026.2
2/18/2021 16:24,7.8,47,10.8,-2.1,1025.8
2/18/2021 16:30,6.9,46,10.4,-2.1,1025.7
2/18/2021 16:36,6.5,45,10,-2,1025.8
2/18/2021 16:42,6,54,9.7,-2,1026
2/18/2021 16:48,6,49,8.6,-2,1025.9
2/18/2021 16:54,5.6,49,8.5,-1.9,1025.7
2/18/2021 17:00,5.8,47,7.8,-1.9,1025.6
2/18/2021 17:06,5.8,49,7.7,-1.8,1025.6
2/18/2021 17:12,-,-,-,-,-
2/18/2021 17:18,4.4,42,7.1,-1.9,1025.9
2/18/2021 17:24,5.6,44,7.4,-1.9,1026
2/18/2021 17:30,5,44,7,-2,1025.8
2/18/2021 17:36,4.7,46,6.4,-1.9,1025.8
2/18/2021 17:42,4.6,49,6.2,-1.9,1025.9
2/18/2021 17:48,4.5,45,6.2,-1.9,1026
2/18/2021 17:54,3.9,48,6.3,-1.9,1025.7
2/18/2021 18:00,3.2,46,5.7,-1.9,1025.9
2/18/2021 18:06,-,-,-,-,-
2/18/2021 18:12,3.9,48,5.4,-1.9,1025.9
2/18/2021 18:18,3.6,45,5.4,-2,1025.6
2/18/2021 18:24,4,46,5.3,-2.1,1025.4
2/18/2021 18:30,3.3,48,5.6,-2,1025.6
2/18/2021 18:36,3.7,47,4.9,-2.1,1025.5
2/18/2021 18:42,4.1,44,5.7,-2.2,1025.3
2/18/2021 18:48,3.8,46,5.4,-2.2,1025.6
2/18/2021 18:54,3.3,40,5,-2.3,1025.8
2/18/2021 19:00,3.1,37,4.9,-2.3,1026.1
2/18/2021 19:06,3.8,41,5,-2.4,1026
2/18/2021 19:12,4.5,47,6,-2.4,1025.8
2/18/2021 19:18,3.6,43,4.7,-2.4,1025.6
2/18/2021 19:24,3.2,45,5.2,-2.4,1025.5
2/18/2021 19:30,4,46,5.4,-2.5,1025.6
2/18/2021 19:36,3.4,47,5,-2.5,1025.6
2/18/2021 19:42,3.2,45,4.8,-2.5,1025.7
2/18/2021 19:48,3.5,45,4.7,-2.5,1025.7
2/18/2021 19:54,3.6,49,4.7,-2.5,1025.4
2/18/2021 20:00,3.4,50,5,-2.5,1025.2
2/18/2021 20:06,4,46,5.4,-2.6,1025.7
2/18/2021 20:12,3.4,46,4.6,-2.6,1025.9
2/18/2021 20:18,3,49,5.1,-2.5,1026
2/18/2021 20:24,2.9,55,4.3,-2.6,1025.8
2/18/2021 20:30,3.2,50,4.3,-2.5,1025.5
2/18/2021 20:36,3.5,47,4.5,-2.6,1025.6
2/18/2021 20:42,3.2,46,4.2,-2.6,1025.7
2/18/2021 20:48,3.1,51,3.9,-2.6,1025.8
2/18/2021 20:54,2.4,46,3.7,-2.5,1026.2
2/18/2021 21:00,2.8,45,4.1,-2.5,1026.2
2/18/2021 21:06,3,45,3.8,-2.5,1026.2
2/18/2021 21:12,2.4,42,3.6,-2.4,1026.5
2/18/2021 21:18,2.3,42,3.1,-2.4,1026
2/18/2021 21:24,2.2,41,3.3,-2.3,1025.8
2/18/2021 21:30,2.2,41,3.3,-2.4,1025.8
2/18/2021 21:36,2.1,43,3,-2.4,1026.1
2/18/2021 21:42,2.2,46,2.9,-2.3,1026.3
2/18/2021 21:48,1.6,29,2.8,-2.4,1026.3
2/18/2021 21:54,2,43,2.7,-2.4,1026.1
2/18/2021 22:00,1.5,40,2.7,-2.3,1026.3
2/18/2021 22:06,1.7,38,2.5,-2.3,1026.2
2/18/2021 22:12,2,48,2.6,-2.3,1025.7
2/18/2021 22:18,2.1,46,2.9,-2.3,1025.7
2/18/2021 22:24,2.2,53,3,-2.3,1025.2
2/18/2021 22:30,1.9,48,2.8,-2.2,1025.1
2/18/2021 22:36,2.1,53,2.7,-2.3,1025.2
2/18/2021 22:42,1.8,51,2.4,-2.2,1025.2
2/18/2021 22:48,1.8,60,2.4,-2.2,1025
2/18/2021 22:54,1.8,54,2.7,-2.2,1024.6
2/18/2021 23:00,2,50,2.9,-2.2,1024.7
2/18/2021 23:06,2,42,3.3,-2.1,1024.7
2/18/2021 23:12,2.1,50,3,-2.1,1024.4
2/18/2021 23:18,2,63,2.9,-2.1,1024.3
2/18/2021 23:24,1.9,54,2.7,-2.1,1024.2
2/18/2021 23:30,2,47,2.7,-2,1024.3
2/18/2021 23:36,1.8,49,2.6,-2,1024.4
2/18/2021 23:42,1.9,43,2.7,-2.1,1024.3
2/18/2021 23:48,1.9,40,2.6,-2.1,1024.5
2/18/2021 23:54,1.9,31,2.6,-2.2,1024.5
2/19/2021 0:00,1.7,35,2.8,-2.1,1024.6
2/19/2021 0:06,1.8,32,2.6,-2,1024.5
2/19/2021 0:12,2,30,2.5,-2,1024.5
2/19/2021 0:18,4.5,33,5.9,-1.9,1024.2
2/19/2021 0:24,4.4,33,6.4,-1.9,1024.2
2/19/2021 0:30,3.7,35,5.8,-2,1024
2/19/2021 0:36,3.6,33,5.1,-1.9,1023.9
2/19/2021 0:42,4.3,35,5.7,-2,1023.8
2/19/2021 0:48,4.4,37,6.4,-2,1023.6
2/19/2021 0:54,4.4,34,6.3,-2,1023.4
2/19/2021 1:00,4.8,45,6.5,-2,1023.4
2/19/2021 1:06,4.5,43,5.9,-2,1023.5
2/19/2021 1:12,4.7,46,6.4,-2,1023.3
2/19/2021 1:18,5.1,40,6.5,-2.1,1023.4
2/19/2021 1:24,4.8,42,6.1,-2,1023.4
2/19/2021 1:30,4,40,6.5,-2,1023.6
2/19/2021 1:36,4.3,36,5.9,-2,1023.8
2/19/2021 1:42,3.4,29,6.2,-1.8,1023.8
2/19/2021 1:48,2.9,33,4.6,-1.8,1023.6
2/19/2021 1:54,-,-,-,-,-
2/19/2021 2:00,4,28,5.4,-1.9,1023.4
2/19/2021 2:06,5.1,26,5.8,-1.9,1023.2
2/19/2021 2:12,4.2,27,5.7,-1.8,1023.1
2/19/2021 2:18,4.6,28,6,-1.8,1022.7
2/19/2021 2:24,3.9,38,6.1,-1.8,1022.4
2/19/2021 2:30,4.2,37,5.6,-1.9,1022.6
2/19/2021 2:36,3.7,40,5.7,-1.8,1022.7
2/19/2021 2:42,4.3,41,5.8,-1.8,1022.4
2/19/2021 2:48,4.8,44,5.9,-1.8,1022.3
2/19/2021 2:54,5.1,45,6,-1.8,1022.1
2/19/2021 3:00,4.4,46,6.1,-1.8,1022.1
2/19/2021 3:06,4,40,6.1,-1.7,1022.2
2/19/2021 3:12,-,-,-,-,-
2/19/2021 3:18,3.8,41,5.5,-1.6,1022.5
2/19/2021 3:24,4.2,36,5.2,-1.6,1022.1
2/19/2021 3:30,-,-,-,-,-
2/19/2021 3:36,3.7,40,5.1,-1.6,1021.9
2/19/2021 3:42,3.7,40,4.9,-1.6,1021.9
2/19/2021 3:48,4.2,45,5.4,-1.5,1021.9
2/19/2021 3:54,4,39,5,-1.5,1021.6
2/19/2021 4:00,3.8,40,5.1,-1.5,1021.8
2/19/2021 4:06,3.6,45,5.2,-1.5,1022
2/19/2021 4:12,3.2,41,4.7,-1.4,1021.9
2/19/2021 4:18,3.7,42,5.3,-1.4,1021.7
2/19/2021 4:24,4.2,45,5.2,-1.4,1021.6
2/19/2021 4:30,3.5,40,5.1,-1.4,1021.6
2/19/2021 4:36,3.3,43,4.7,-1.4,1022
2/19/2021 4:42,3.6,47,4.5,-1.4,1022
2/19/2021 4:48,3.6,47,4.8,-1.4,1021.6
2/19/2021 4:54,3.7,48,4.8,-1.4,1021.7
2/19/2021 5:00,3.6,44,4.7,-1.3,1021.9
2/19/2021 5:06,3.2,46,4.3,-1.3,1022.1
2/19/2021 5:12,3.7,47,4.8,-1.2,1022.1
2/19/2021 5:18,3.7,48,4.9,-1.2,1021.9
2/19/2021 5:24,4,47,4.8,-1.3,1021.8
2/19/2021 5:30,3.1,47,4.8,-1.2,1021.8
2/19/2021 5:36,3.5,55,4.3,-1.2,1021.7
2/19/2021 5:42,3.5,48,4.5,-1.2,1021.9
2/19/2021 5:48,3.6,49,4.8,-1.2,1021.7
2/19/2021 5:54,3.4,46,4.3,-1.2,1021.8
2/19/2021 6:00,3.5,46,4.4,-1.2,1021.3
2/19/2021 6:06,3.8,47,4.5,-1.2,1021.6
2/19/2021 6:12,3.1,46,4.3,-1.1,1021.4
2/19/2021 6:18,3.5,49,4.9,-1.1,1021.7
2/19/2021 6:24,3.4,50,4.7,-1.1,1022
2/19/2021 6:30,3.4,45,4.4,-1.1,1021.6
2/19/2021 6:36,3,42,4.4,-1,1022
2/19/2021 6:42,3.4,48,4.3,-1,1021.7
2/19/2021 6:48,3.5,45,4.6,-1,1021.6
2/19/2021 6:54,3.5,48,4.1,-1,1021.8
2/19/2021 7:00,2.6,49,4,-0.9,1022
2/19/2021 7:06,3.1,45,3.9,-0.9,1021.8
2/19/2021 7:12,3.3,50,4.3,-0.9,1021.7
2/19/2021 7:18,2.8,55,3.9,-0.8,1021.7
2/19/2021 7:24,3.6,48,4,-0.9,1021.5
2/19/2021 7:30,2.8,49,4.3,-0.8,1021.8
2/19/2021 7:36,2.6,47,3.7,-0.9,1022
2/19/2021 7:42,2.9,40,3.7,-0.9,1021.7
2/19/2021 7:48,3,45,4,-0.9,1021.8
2/19/2021 7:54,2.9,46,4,-0.9,1022
2/19/2021 8:00,3.1,43,4.1,-0.9,1022.1
2/19/2021 8:06,2.9,43,4.1,-0.9,1021.8
2/19/2021 8:12,3.1,46,4.3,-0.9,1021.3
2/19/2021 8:18,3.3,53,4.5,-1,1021.4
2/19/2021 8:24,3.7,48,4.4,-1,1020.8
2/19/2021 8:30,3.2,55,4.7,-0.9,1020.9
2/19/2021 8:36,3.3,51,5,-0.9,1021
2/19/2021 8:42,3.2,46,4.1,-1,1021.1
2/19/2021 8:48,2.8,44,4,-1,1021.3
2/19/2021 8:54,3,49,4.4,-0.9,1021.2
2/19/2021 9:00,3.6,50,4.5,-1,1021.4
2/19/2021 9:06,3.3,52,4.5,-1.1,1021.3
2/19/2021 9:12,3,51,4.1,-1.1,1021.4
2/19/2021 9:18,3.1,47,3.9,-1.1,1021.5
2/19/2021 9:24,3.3,48,4,-1.1,1021.2
2/19/2021 9:30,2.5,39,4.1,-1,1021.6
2/19/2021 9:36,2.2,33,3.6,-1.1,1021.7
2/19/2021 9:42,3.4,44,4,-1.1,1021.2
2/19/2021 9:48,3.4,43,4.2,-1.1,1021.4
2/19/2021 9:54,2.7,39,3.5,-1.1,1021.4
2/19/2021 10:00,3.2,42,4.1,-1.2,1021.2
2/19/2021 10:06,2.1,42,3.6,-1,1021
2/19/2021 10:12,2.2,32,3.6,-1.1,1020.8
2/19/2021 10:18,3,45,4.2,-1.2,1020.5
2/19/2021 10:24,3.1,46,3.6,-1.2,1020.3
2/19/2021 10:30,2.5,41,3.9,-1.2,1020.5
2/19/2021 10:36,-,-,-,-,-
2/19/2021 10:42,2.3,33,3.2,-1.1,1020.4
2/19/2021 10:48,2.4,34,3.7,-1.3,1020.5
2/19/2021 10:54,1.8,30,3.5,-1.1,1020.7
2/19/2021 11:00,2.1,33,3.1,-1.2,1020.7
2/19/2021 11:06,2,32,3.3,-1.2,1020.9
2/19/2021 11:12,2.6,35,3.7,-1.2,1020.6
2/19/2021 11:18,2.2,32,3.4,-1.1,1021
2/19/2021 11:24,2.6,26,3.3,-1.1,1021
2/19/2021 11:30,1.9,32,3.4,-1,1020.9
2/19/2021 11:36,2,29,3.3,-1,1020.6
2/19/2021 11:42,1.6,29,2.9,-1,1020.9
2/19/2021 11:48,2,18,2.8,-1,1021.1
2/19/2021 11:54,2.1,10,3,-1.1,1021.1
2/19/2021 12:00,2.1,31,3.3,-1.2,1020.3
2/19/2021 12:06,2.5,29,3.6,-1.2,1019.9
2/19/2021 12:12,-,-,-,-,-
2/19/2021 12:18,2.2,26,3.4,-1.2,1019.7
2/19/2021 12:24,3,30,4,-1.1,1019.1
2/19/2021 12:30,2.5,36,3.4,-1.1,1019.1
2/19/2021 12:36,2.2,30,3.8,-1.1,1019.4
2/19/2021 12:42,2.5,26,3.2,-1.1,1019.5
2/19/2021 12:48,2.5,34,3.4,-1.1,1019
2/19/2021 12:54,2.6,32,3.6,-1,1018.6
2/19/2021 13:00,2.3,28,3.3,-0.9,1018.7
2/19/2021 13:06,2.3,17,3.3,-0.9,1018.7
2/19/2021 13:12,-,-,-,-,-
2/19/2021 13:18,2.3,18,3.2,-0.9,1018.6
2/19/2021 13:24,1.8,15,3.4,-0.9,1018.9
2/19/2021 13:30,1.6,6,2.4,-0.8,1019
2/19/2021 13:36,2.4,9,3.4,-0.9,1019.1
2/19/2021 13:42,2,14,2.9,-0.8,1019.1
2/19/2021 13:48,2.1,22,2.7,-0.7,1018.8
2/19/2021 13:54,2,17,2.8,-0.7,1018.9
2/19/2021 14:00,1.8,16,2.9,-0.8,1019
2/19/2021 14:06,2.4,25,3.3,-0.9,1018.7
2/19/2021 14:12,2.2,24,2.9,-0.8,1018.4
2/19/2021 14:18,2.3,23,3.2,-0.9,1018.2
2/19/2021 14:24,2.4,24,3.7,-0.8,1018.3
2/19/2021 14:30,2.4,28,3.5,-0.7,1018
2/19/2021 14:36,2.3,27,2.5,-0.8,1017.9
2/19/2021 14:42,2.2,25,2.5,-0.8,1017.9
2/19/2021 14:48,2.2,29,2.5,-0.8,1018
2/19/2021 14:54,1.9,24,2.5,-0.6,1017.9
2/19/2021 15:00,4.5,24,6.7,-0.7,1017.9
2/19/2021 15:06,3.3,21,6.9,-0.6,1017.7
2/19/2021 15:12,4.8,26,6.1,-0.6,1017.8
2/19/2021 15:18,3.8,14,6.9,-0.6,1017.8
2/19/2021 15:24,3.8,17,5.9,-0.5,1017.8
2/19/2021 15:30,2.8,12,5.6,-0.5,1017.8
2/19/2021 15:36,3.6,12,5.9,-0.6,1017.8
2/19/2021 15:42,4.3,9,5.4,-0.5,1017.8
2/19/2021 15:48,3.5,10,6.6,-0.3,1017.7
2/19/2021 15:54,4.3,11,6.8,-0.3,1017.5
2/19/2021 16:00,4,6,6,-0.2,1017.7
2/19/2021 16:06,4.1,9,6,-0.2,1017.6
2/19/2021 16:12,3.3,6,5.5,-0.2,1017.6
2/19/2021 16:18,4,10,5.3,-0.2,1017.5
2/19/2021 16:24,3.7,5,5.5,-0.2,1017.5
2/19/2021 16:30,4.3,4,5.9,-0.1,1017.5
2/19/2021 16:36,3.7,360,6.4,-0.1,1017.5
2/19/2021 16:42,3.6,348,5.4,-0.2,1017.5
2/19/2021 16:48,3.6,346,5.1,-0.3,1017.6
2/19/2021 16:54,3.2,337,5.4,-0.3,1017.8
2/19/2021 17:00,3.1,346,5.1,-0.3,1017.8
2/19/2021 17:06,3.4,345,5,-0.3,1017.8
2/19/2021 17:12,4,337,5.4,-0.3,1018
2/19/2021 17:18,4.4,335,6.4,-0.3,1018.1
2/19/2021 17:24,4.8,333,6.4,-0.4,1018.2
2/19/2021 17:30,4.6,333,5.9,-0.4,1018.1
2/19/2021 17:36,4.5,338,6.3,-0.4,1018.1
2/19/2021 17:42,5,333,6.5,-0.5,1018.1
2/19/2021 17:48,5.3,331,6.4,-0.5,1018.2
2/19/2021 17:54,4.1,341,6.4,-0.5,1018.2
2/19/2021 18:00,4.9,337,6.3,-0.5,1018.3
2/19/2021 18:06,4.4,344,6.4,-0.5,1018.2
2/19/2021 18:12,5,347,7.2,-0.4,1018.2
2/19/2021 18:18,5.8,345,7.2,-0.5,1018.2
2/19/2021 18:24,5,348,7.5,-0.4,1018.2
2/19/2021 18:30,4,347,6.3,-0.4,1018.3
2/19/2021 18:36,4.8,344,6.3,-0.4,1018.3
2/19/2021 18:42,4,346,6.5,-0.4,1018.2
2/19/2021 18:48,4.1,350,6.4,-0.4,1018.3
2/19/2021 18:54,5,343,7,-0.4,1018.3
2/19/2021 19:00,4.8,341,6.2,-0.3,1018.5
2/19/2021 19:06,5.1,338,7.2,-0.4,1018.5
2/19/2021 19:12,4.6,338,6.7,-0.3,1018.5
2/19/2021 19:18,4.7,337,6.8,-0.3,1018.6
2/19/2021 19:24,5.1,335,6.2,-0.3,1018.5
2/19/2021 19:30,4.2,337,7,-0.3,1018.5
2/19/2021 19:36,4.3,336,7.2,-0.3,1018.5
2/19/2021 19:42,4.2,339,6.3,-0.3,1018.4
2/19/2021 19:48,4.4,343,6,-0.3,1018.4
2/19/2021 19:54,3.7,336,6.4,-0.3,1018.3
2/19/2021 20:00,4.7,340,6.9,-0.2,1018.3
2/19/2021 20:06,3.1,346,5.5,-0.3,1018.3
2/19/2021 20:12,4,344,5.8,-0.4,1018.4
2/19/2021 20:18,5.1,341,6.2,-0.4,1018.5
2/19/2021 20:24,5.4,339,6.8,-0.4,1018.6
2/19/2021 20:30,5.3,340,6.7,-0.4,1018.4
2/19/2021 20:36,5.2,347,7.6,-0.3,1018.3
2/19/2021 20:42,4.2,348,6.6,-0.2,1018.2
2/19/2021 20:48,4,338,5.7,-0.1,1018
2/19/2021 20:54,4.7,339,7,-0.1,1017.9
2/19/2021 21:00,3.7,342,5.9,-0.1,1017.9
2/19/2021 21:06,4.2,343,6.6,-0.1,1017.9
2/19/2021 21:12,5,334,6.5,-0.1,1018.1
2/19/2021 21:18,5,340,6.7,-0.1,1018.2
2/19/2021 21:24,4.2,337,6.5,-0.1,1018.2
2/19/2021 21:30,4.7,334,5.7,-0.1,1018.4
2/19/2021 21:36,4.1,341,5.9,-0.1,1018.3
2/19/2021 21:42,4.1,336,6.5,-0.1,1018.2
2/19/2021 21:48,3.8,337,5.5,-0.1,1018.2
2/19/2021 21:54,4.8,336,6.4,-0.1,1018
2/19/2021 22:00,4.7,330,6.2,-0.1,1018
2/19/2021 22:06,5.8,333,7.1,-0.1,1018
2/19/2021 22:12,5.4,331,6.7,-0.1,1018
2/19/2021 22:18,5.1,330,6.6,0,1018.2
2/19/2021 22:24,4.1,327,5.6,0,1018.2
2/19/2021 22:30,4.3,327,5.5,0,1018.1
2/19/2021 22:36,4.4,316,5.8,0,1018
2/19/2021 22:42,5.1,317,6,0.1,1017.9
2/19/2021 22:48,4.7,316,5.7,0,1017.8
2/19/2021 22:54,4.3,316,5.3,0.1,1017.7
2/19/2021 23:00,4.7,311,5.6,0.1,1017.7
2/19/2021 23:06,4.8,307,5.5,0.1,1017.7
2/19/2021 23:12,5.5,305,6.4,0.1,1017.6
2/19/2021 23:18,6.3,303,6.7,0.1,1017.5
2/19/2021 23:24,6.5,304,7.2,0.1,1017.4
2/19/2021 23:30,6.4,306,7,0.1,1017.4
2/19/2021 23:36,6,308,7,0.2,1017.4
2/19/2021 23:42,5.9,307,6.7,0.1,1017.4
2/19/2021 23:48,6,305,6.7,0.1,1017.4
2/19/2021 23:54,5.2,302,6.2,0.1,1017.6
2/20/2021 0:00,5.3,301,6.3,0.2,1017.7
2/20/2021 0:06,4.4,302,5.6,0.2,1017.7
2/20/2021 0:12,5.1,297,5.5,0.1,1017.7
2/20/2021 0:18,5.1,293,5.5,0.1,1017.7
2/20/2021 0:24,5.3,296,6.2,0.2,1017.8
2/20/2021 0:30,4.9,290,6.3,0.2,1017.8
2/20/2021 0:36,5.2,290,5.9,0.2,1017.8
2/20/2021 0:42,5.6,292,6,0.2,1017.7
2/20/2021 0:48,5.4,296,6.3,0.2,1017.7
2/20/2021 0:54,5,291,6,0.2,1017.7
2/20/2021 1:00,5.2,295,6.2,0.3,1017.7
2/20/2021 1:06,5.1,297,6.4,0.4,1017.7
2/20/2021 1:12,5.2,297,6.3,0.4,1017.5
2/20/2021 1:18,6.2,299,6.9,0.5,1017.6
2/20/2021 1:24,6.6,300,7.4,0.5,1017.7
2/20/2021 1:30,5.8,301,6.8,0.5,1017.7
2/20/2021 1:36,6.2,298,6.9,0.5,1017.9
2/20/2021 1:42,6.2,297,7.1,0.6,1017.9
2/20/2021 1:48,6.5,305,7.6,0.6,1017.9
2/20/2021 1:54,6.9,305,7.7,0.6,1018
2/20/2021 2:00,6.6,303,7.7,0.6,1018
2/20/2021 2:06,6.7,305,8.4,0.7,1018.1
2/20/2021 2:12,6.3,311,8.9,0.7,1018.1
2/20/2021 2:18,7.1,314,8,0.7,1018.1
2/20/2021 2:24,7.3,318,8.6,0.7,1018.1
2/20/2021 2:30,7.9,323,9.6,0.7,1018.2
2/20/2021 2:36,7.5,319,9.2,0.7,1018.3
2/20/2021 2:42,6.7,317,8.8,0.7,1018.3
2/20/2021 2:48,6.4,321,8.1,0.6,1018.2
2/20/2021 2:54,7.4,322,8.9,0.6,1018.2
2/20/2021 3:00,6.3,316,8.9,0.6,1018.2
2/20/2021 3:06,5.2,319,8.1,0.5,1018.1
2/20/2021 3:12,6.8,317,8,0.6,1018.1
2/20/2021 3:18,6.6,321,7.6,0.5,1018.1
2/20/2021 3:24,6,325,8.3,0.3,1018.2
2/20/2021 3:30,8.2,323,9.5,0.5,1018.2
2/20/2021 3:36,6.9,316,8.5,0.4,1018.3
2/20/2021 3:42,6.2,317,8.5,0.4,1018.3
2/20/2021 3:48,6.7,312,7.7,0.4,1018.5
2/20/2021 3:54,8.2,313,10.6,0.3,1018.6
2/20/2021 4:00,7.2,304,9.3,0.3,1018.6
2/20/2021 4:06,8.3,306,9.2,0.2,1018.5
2/20/2021 4:12,7.9,306,9.7,0.1,1018.6
2/20/2021 4:18,8.1,312,10.1,0,1018.7
2/20/2021 4:24,9,322,10.7,-0.1,1018.8
2/20/2021 4:30,7.3,313,9.5,-0.2,1018.8
2/20/2021 4:36,9.1,308,10.6,-0.2,1018.9
2/20/2021 4:42,8.6,316,10.9,-0.3,1018.9
2/20/2021 4:48,8.5,312,10.8,-0.3,1018.9
2/20/2021 4:54,8.4,308,10.7,-0.3,1018.9
2/20/2021 5:00,7.9,312,10.6,-0.4,1018.9
2/20/2021 5:06,9.4,308,10.4,-0.4,1018.9
2/20/2021 5:12,11.1,305,13.3,-0.6,1019
2/20/2021 5:18,9.6,309,13.3,-0.8,1019.1
2/20/2021 5:24,10.3,312,13.2,-1,1019.2
2/20/2021 5:30,9.9,313,13.4,-1.1,1019.3
2/20/2021 5:36,11.3,301,12.5,-1.2,1019.3
2/20/2021 5:42,10.1,312,12.5,-1.5,1019.4
2/20/2021 5:48,10.6,311,12.2,-1.6,1019.4
2/20/2021 5:54,9.3,315,11.3,-1.7,1019.3
2/20/2021 6:00,9.7,312,11.9,-1.8,1019.4
2/20/2021 6:06,10,310,12,-1.8,1019.5
2/20/2021 6:12,10.6,309,12.2,-1.9,1019.5
2/20/2021 6:18,10.7,313,12.3,-2.1,1019.5
2/20/2021 6:24,8.8,315,11.9,-2.1,1019.5
2/20/2021 6:30,9.8,313,11.7,-2.2,1019.5
2/20/2021 6:36,10,313,12.5,-2.2,1019.5
2/20/2021 6:42,8.9,317,11.2,-2.3,1019.5
2/20/2021 6:48,8.4,316,11.6,-2.3,1019.5
2/20/2021 6:54,8.6,317,11.1,-2.3,1019.5
2/20/2021 7:00,8.2,312,11.2,-2.3,1019.6
2/20/2021 7:06,7.4,309,10.3,-2.3,1019.7
2/20/2021 7:12,8.3,306,11,-2.5,1019.8
2/20/2021 7:18,7.8,315,9.7,-2.5,1019.9
2/20/2021 7:24,7.5,316,10.4,-2.5,1019.9
2/20/2021 7:30,7.9,313,10.5,-2.6,1020
2/20/2021 7:36,9.1,305,11.2,-2.6,1020
2/20/2021 7:42,8.7,304,10.1,-2.6,1020
2/20/2021 7:48,8.7,302,10.8,-2.7,1020.1
2/20/2021 7:54,8.2,311,11.5,-2.8,1020.1
2/20/2021 8:00,8.3,309,10.3,-2.7,1020.2
2/20/2021 8:06,9.2,309,10.6,-2.7,1020.3
2/20/2021 8:12,9.6,307,11.5,-2.6,1020.4
2/20/2021 8:18,9.2,307,11.4,-2.6,1020.4
2/20/2021 8:24,9.6,308,12.5,-2.6,1020.4
2/20/2021 8:30,10.8,308,12.7,-2.6,1020.4
2/20/2021 8:36,9.1,308,12.6,-2.4,1020.4
2/20/2021 8:42,9.8,313,11.6,-2.4,1020.3
2/20/2021 8:48,10.4,306,13.1,-2.5,1020.4
2/20/2021 8:54,9.7,309,12.4,-2.3,1020.4
2/20/2021 9:00,8.8,310,11.7,-2.3,1020.5
2/20/2021 9:06,9.1,315,10.6,-2.3,1020.5
2/20/2021 9:12,9.4,309,11.6,-2.2,1020.4
2/20/2021 9:18,9.3,311,11.7,-2.2,1020.4
2/20/2021 9:24,9.5,307,11.3,-2.1,1020.3
2/20/2021 9:30,10.1,310,11.8,-2,1020.3
2/20/2021 9:36,9,314,11.4,-1.9,1020.4
2/20/2021 9:42,9.8,307,10.9,-2,1020.3
2/20/2021 9:48,9.2,304,10.9,-1.9,1020.4
2/20/2021 9:54,8.9,300,11,-1.8,1020.5
2/20/2021 10:00,9.2,298,10.7,-1.7,1020.6
2/20/2021 10:06,9.3,301,11.2,-1.7,1020.6
2/20/2021 10:12,9.6,299,10.6,-1.7,1020.7
2/20/2021 10:18,9,301,11,-1.5,1020.7
2/20/2021 10:24,9.4,300,11.3,-1.4,1020.7
2/20/2021 10:30,8.6,301,11.2,-1.5,1020.7
2/20/2021 10:36,8.3,287,10.6,-1.2,1020.7
2/20/2021 10:42,8.5,289,10.6,-1.2,1020.7
2/20/2021 10:48,9.3,287,10.6,-1.1,1020.7
2/20/2021 10:54,9,286,11.1,-1.1,1020.8
2/20/2021 11:00,10.7,288,11.8,-1.2,1020.8
2/20/2021 11:06,8.7,289,11.9,-0.9,1020.7
2/20/2021 11:12,9.9,292,10.9,-1.1,1020.7
2/20/2021 11:18,9.4,296,11.9,-1.1,1020.7
2/20/2021 11:24,9.3,292,11.5,-0.9,1020.8
2/20/2021 11:30,9.9,294,11.7,-0.9,1020.8
2/20/2021 11:36,9.3,288,11.6,-0.8,1020.8
2/20/2021 11:42,8.8,286,10.7,-0.7,1020.8
2/20/2021 11:48,-,-,-,-,-
2/20/2021 11:54,10.2,278,11.4,-0.7,1020.7
2/20/2021 12:00,9.5,287,11.6,-0.5,1020.7
2/20/2021 12:06,9,279,11.7,-0.6,1020.6
2/20/2021 12:12,10,276,12.9,-0.7,1020.5
2/20/2021 12:18,10,286,11.6,-0.6,1020.4
2/20/2021 12:24,7.8,287,11,-0.5,1020.4
2/20/2021 12:30,10.1,286,11.2,-0.4,1020.3
2/20/2021 12:36,9.8,281,11.6,-0.6,1020.2
2/20/2021 12:42,9.8,284,12.4,-0.5,1020.2
2/20/2021 12:48,9.7,276,11.3,-0.4,1020
2/20/2021 12:54,9.3,288,11.6,-0.2,1019.9
2/20/2021 13:00,8.4,293,11.9,-0.1,1019.9
2/20/2021 13:06,8.1,306,12,-0.1,1019.9
2/20/2021 13:12,9.1,289,11.2,-0.2,1019.9
2/20/2021 13:18,9.6,280,11.3,-0.2,1019.7
2/20/2021 13:24,10.3,297,11.7,-0.1,1019.8
2/20/2021 13:30,9.6,278,11.1,-0.2,1019.7
2/20/2021 13:36,9.2,278,11.3,-0.1,1019.7
2/20/2021 13:42,9.6,273,12.1,-0.1,1019.7
2/20/2021 13:48,10.3,278,11.7,-0.2,1019.6
2/20/2021 13:54,10.6,284,11.7,-0.1,1019.6
2/20/2021 14:00,10.3,294,12,0.1,1019.5
2/20/2021 14:06,10,299,11.3,0.1,1019.5
2/20/2021 14:12,-,-,-,-,-
2/20/2021 14:18,9.9,292,11.9,0.2,1019.5
2/20/2021 14:24,10.1,295,12.5,0.3,1019.6
2/20/2021 14:30,9.6,307,10.8,0.3,1019.6
2/20/2021 14:36,10.2,295,12.2,0.4,1019.5
2/20/2021 14:42,10.4,299,11.7,0.4,1019.5
2/20/2021 14:48,8.9,304,13,0.5,1019.5
2/20/2021 14:54,9.4,295,11.6,0.6,1019.6
2/20/2021 15:00,10.7,291,11.7,0.4,1019.6
2/20/2021 15:06,10.5,287,12.8,0.4,1019.6
2/20/2021 15:12,9.3,286,11.4,0.3,1019.6
2/20/2021 15:18,9.9,286,12.2,0.3,1019.6
2/20/2021 15:24,10.4,288,12,0.3,1019.7
2/20/2021 15:30,9.5,287,11.7,0.4,1019.8
2/20/2021 15:36,9.5,294,12.1,0.3,1019.9
2/20/2021 15:42,10.3,295,11.6,0.5,1019.8
2/20/2021 15:48,9.6,294,12.8,0.5,1019.8
2/20/2021 15:54,8.5,294,11.6,0.7,1019.8
2/20/2021 16:00,10.4,307,12.5,0.7,1019.8
2/20/2021 16:06,9.4,303,11.6,0.7,1019.9
2/20/2021 16:12,11.2,295,13.5,0.6,1019.9
2/20/2021 16:18,11.3,304,13,0.6,1020
2/20/2021 16:24,11.2,301,13.4,0.5,1020
2/20/2021 16:30,11.2,300,13.4,0.6,1020
2/20/2021 16:36,10,299,12.1,0.6,1020.1
2/20/2021 16:42,11.3,300,13,0.8,1020.1
2/20/2021 16:48,10.6,303,13.4,0.7,1020.2
2/20/2021 16:54,10.5,295,12.5,0.7,1020.2
2/20/2021 17:00,11.1,293,13.2,0.6,1020.3
2/20/2021 17:06,11.9,296,13.8,0.6,1020.4
2/20/2021 17:12,11.6,293,13,0.6,1020.5
2/20/2021 17:18,10.1,294,12.7,0.6,1020.6
2/20/2021 17:24,10.1,293,12.2,0.5,1020.7
2/20/2021 17:30,9.9,297,12.9,0.5,1020.8
2/20/2021 17:36,9.4,298,11.6,0.5,1020.9
2/20/2021 17:42,9.2,291,11.7,0.5,1021
2/20/2021 17:48,11.9,282,13.7,0.3,1021
2/20/2021 17:54,11.2,290,13.4,0.2,1021.2
2/20/2021 18:00,10.6,287,14.3,0.1,1021.4
2/20/2021 18:06,9.4,289,12.9,0.1,1021.5
2/20/2021 18:12,12.2,286,14,0,1021.7
2/20/2021 18:18,11.2,284,12.9,-0.1,1021.8
2/20/2021 18:24,12.2,283,14,-0.2,1021.9
2/20/2021 18:30,11.2,285,13.4,-0.2,1022.1
2/20/2021 18:36,12.5,286,14.7,-0.3,1022.3
2/20/2021 18:42,11.6,285,13.3,-0.3,1022.4
2/20/2021 18:48,11.4,284,12.9,-0.3,1022.5
2/20/2021 18:54,10,288,12.8,-0.3,1022.6
2/20/2021 19:00,10.1,286,12.9,-0.3,1022.8
2/20/2021 19:06,10.5,286,12.9,-0.4,1022.8
2/20/2021 19:12,10.6,290,13.2,-0.3,1023
2/20/2021 19:18,-,-,-,-,-
2/20/2021 19:24,10.9,291,13.6,-0.4,1023.2
2/20/2021 19:30,11.4,290,13.3,-0.5,1023.3
2/20/2021 19:36,10.3,288,14.4,-0.5,1023.4
2/20/2021 19:42,10.6,288,13.1,-0.5,1023.6
2/20/2021 19:48,10.8,289,13,-0.6,1023.6
2/20/2021 19:54,11.1,290,13.6,-0.6,1023.7
2/20/2021 20:00,10.1,287,13.2,-0.6,1023.8
2/20/2021 20:06,11.6,293,13.4,-0.7,1023.9
2/20/2021 20:12,10.6,294,13,-0.6,1024
2/20/2021 20:18,11.1,297,13.2,-0.8,1024.1
2/20/2021 20:24,11.7,296,13,-0.8,1024.2
2/20/2021 20:30,11.3,295,13.3,-0.9,1024.4
2/20/2021 20:36,11.3,296,13.2,-1,1024.5
2/20/2021 20:42,10.6,294,12.6,-0.9,1024.7
2/20/2021 20:48,10.9,300,13.2,-1,1024.8
2/20/2021 20:54,11,296,12.4,-0.9,1025
2/20/2021 21:00,11,291,13.1,-0.9,1025.1
2/20/2021 21:06,10.9,298,12.5,-1,1025.1
2/20/2021 21:12,10.7,295,12.1,-1,1025.3
2/20/2021 21:18,10.8,304,12,-1,1025.4
2/20/2021 21:24,11.9,299,14.4,-1.1,1025.4
2/20/2021 21:30,11.8,305,14.1,-1.2,1025.6
2/20/2021 21:36,11.1,301,12.6,-1.2,1025.7
2/20/2021 21:42,10.4,303,12,-1.3,1025.9
2/20/2021 21:48,11.2,302,13.4,-1.3,1026
2/20/2021 21:54,10.4,304,12.3,-1.3,1026.1
2/20/2021 22:00,9.7,308,12.4,-1.4,1026.2
2/20/2021 22:06,11,306,12.9,-1.5,1026.3
2/20/2021 22:12,9.9,308,12.2,-1.5,1026.4
2/20/2021 22:18,10.8,304,12.6,-1.5,1026.5
2/20/2021 22:24,-,-,-,-,-
2/20/2021 22:30,11,300,12.6,-1.5,1026.7
2/20/2021 22:36,10.8,302,12.3,-1.6,1026.8
2/20/2021 22:42,10.5,305,12,-1.6,1026.9
2/20/2021 22:48,10.1,307,12.3,-1.7,1027
2/20/2021 22:54,11.3,307,13.6,-1.7,1027
2/20/2021 23:00,10.4,315,13.4,-1.8,1027.1
2/20/2021 23:06,11.2,307,13.2,-1.8,1027.1
2/20/2021 23:12,11.1,313,13.5,-1.9,1027.1
2/20/2021 23:18,10.4,311,13.5,-1.9,1027.2
2/20/2021 23:24,9.1,308,12.9,-1.8,1027.3
2/20/2021 23:30,9.9,303,13.6,-1.8,1027.3
2/20/2021 23:36,10,310,13.6,-1.9,1027.4
2/20/2021 23:42,10.4,302,12.7,-1.9,1027.5
2/20/2021 23:48,9.4,300,10.9,-1.9,1027.6
2/20/2021 23:54,9.5,310,11.4,-2,1027.7
2/21/2021 0:00,9.3,306,12.4,-2.1,1027.8
2/21/2021 0:06,11.3,304,13,-2.1,1027.9
2/21/2021 0:12,10.2,310,12.6,-2.1,1028
2/21/2021 0:18,9.9,310,12.1,-2.2,1028.1
2/21/2021 0:24,9.8,309,12.8,-2.2,1028.1
2/21/2021 0:30,8.5,306,10.3,-2.1,1028.2
2/21/2021 0:36,8.7,307,10.6,-2.2,1028.3
2/21/2021 0:42,8.3,308,11.3,-2.3,1028.4
2/21/2021 0:48,8.2,308,9.8,-2.3,1028.5
2/21/2021 0:54,8.5,307,10.2,-2.3,1028.5
2/21/2021 1:00,8.7,305,9.8,-2.3,1028.6
2/21/2021 1:06,8.8,307,11.3,-2.3,1028.7
2/21/2021 1:12,9,301,11,-2.3,1028.8
2/21/2021 1:18,9.1,300,10.7,-2.2,1028.8
2/21/2021 1:24,8.8,305,10.7,-2.4,1028.9
2/21/2021 1:30,8.5,302,9.5,-2.3,1028.9
2/21/2021 1:36,7.9,297,11,-2.4,1029
2/21/2021 1:42,7.8,293,9.1,-2.3,1029.1
2/21/2021 1:48,7.6,300,9.6,-2.4,1029.1
2/21/2021 1:54,9,296,10.4,-2.3,1029.2
2/21/2021 2:00,9.2,305,11,-2.4,1029.3
2/21/2021 2:06,11.1,307,13,-2.5,1029.4
2/21/2021 2:12,11.2,305,13,-2.5,1029.5
2/21/2021 2:18,10.5,301,12.7,-2.5,1029.6
2/21/2021 2:24,10.2,302,12.5,-2.5,1029.7
2/21/2021 2:30,8.7,305,10.6,-2.6,1029.8
2/21/2021 2:36,8,297,10.3,-2.5,1029.8
2/21/2021 2:42,7.4,301,10.2,-2.7,1029.8
2/21/2021 2:48,7.2,298,8.6,-2.8,1029.8
2/21/2021 2:54,6.9,292,8.6,-2.8,1029.8
2/21/2021 3:00,6.7,300,8.8,-2.7,1029.9
2/21/2021 3:06,6.5,297,8.8,-2.8,1030
2/21/2021 3:12,7.4,302,9.3,-2.8,1030
2/21/2021 3:18,7.3,295,8.8,-2.7,1030.1
2/21/2021 3:24,8,296,9.3,-2.8,1030.3
2/21/2021 3:30,7.9,298,9.3,-2.7,1030.4
2/21/2021 3:36,8,295,9.9,-2.8,1030.4
2/21/2021 3:42,8.3,294,10.6,-2.8,1030.4
2/21/2021 3:48,8.5,290,10,-2.9,1030.5
2/21/2021 3:54,8.1,292,10.6,-2.8,1030.6
2/21/2021 4:00,9,297,10.4,-2.9,1030.8
2/21/2021 4:06,8.8,301,10.5,-3,1030.8
2/21/2021 4:12,8.8,296,11.4,-3.1,1030.9
2/21/2021 4:18,8.9,292,10.3,-3.2,1031
2/21/2021 4:24,8.1,294,9.7,-3.3,1031.1
2/21/2021 4:30,8.5,293,9.9,-3.3,1031.2
2/21/2021 4:36,8.8,289,10.6,-3.2,1031.3
2/21/2021 4:42,9.8,289,11.6,-3.2,1031.4
2/21/2021 4:48,9.8,287,11.1,-3.3,1031.5
2/21/2021 4:54,-,-,-,-,-
2/21/2021 5:00,9.7,292,11.2,-3.3,1031.6
2/21/2021 5:06,9.4,292,11,-3.3,1031.6
2/21/2021 5:12,9,294,10.8,-3.3,1031.6
2/21/2021 5:18,8.7,298,10.4,-3.3,1031.8
2/21/2021 5:24,8.6,297,9.7,-3.3,1031.9
2/21/2021 5:30,-,-,-,-,-
2/21/2021 5:36,-,-,-,-,-
2/21/2021 5:42,-,-,-,-,-
2/21/2021 5:48,-,-,-,-,-
2/21/2021 5:54,-,-,-,-,-
2/21/2021 6:00,-,-,-,-,-
2/21/2021 6:06,-,-,-,-,-
2/21/2021 6:12,-,-,-,-,-
2/21/2021 6:18,-,-,-,-,-
2/21/2021 6:24,-,-,-,-,-
2/21/2021 6:30,-,-,-,-,-
2/21/2021 6:36,10,301,11.4,-3.6,1032.5
2/21/2021 6:42,9.4,302,11.3,-3.6,1032.5
2/21/2021 6:48,9.1,302,11.4,-3.7,1032.6
2/21/2021 6:54,9.3,303,10.7,-3.7,1032.6
2/21/2021 7:00,9.7,306,11,-3.6,1032.7
2/21/2021 7:06,10.2,301,11.7,-3.7,1032.8
2/21/2021 7:12,10.2,302,11.6,-3.7,1032.9
2/21/2021 7:18,10.8,304,12.3,-3.7,1032.9
2/21/2021 7:24,10.3,302,12.3,-3.7,1033.1
2/21/2021 7:30,10.1,299,11.2,-3.7,1033.2
2/21/2021 7:36,10.5,300,12,-3.7,1033.3
2/21/2021 7:42,9.3,306,11.4,-3.7,1033.3
2/21/2021 7:48,9.5,302,11.3,-3.6,1033.4
2/21/2021 7:54,8.6,304,10.8,-3.6,1033.5
2/21/2021 8:00,9.2,304,10.6,-3.7,1033.7
2/21/2021 8:06,8.5,306,9.7,-3.6,1033.8
2/21/2021 8:12,8.2,306,10.1,-3.5,1034
2/21/2021 8:18,9.1,309,10.1,-3.3,1034.1
2/21/2021 8:24,7.7,300,10.7,-3.1,1034.1
2/21/2021 8:30,8.8,304,9.8,-3.3,1034.2
2/21/2021 8:36,9,300,10.2,-3.1,1034.3
2/21/2021 8:42,8.6,304,10,-3.2,1034.4
2/21/2021 8:48,8.3,307,10.1,-3.1,1034.3
2/21/2021 8:54,8.4,301,10.3,-3,1034.4
2/21/2021 9:00,8.7,303,11.2,-3,1034.4
2/21/2021 9:06,7.7,306,12.2,-2.8,1034.5
2/21/2021 9:12,7.4,295,9.6,-2.8,1034.5
2/21/2021 9:18,7.9,303,9.8,-2.9,1034.5
2/21/2021 9:24,7.9,292,9.4,-2.7,1034.5
2/21/2021 9:30,7.1,304,8.5,-2.6,1034.5
2/21/2021 9:36,7.4,313,9.3,-2.6,1034.6
2/21/2021 9:42,6.7,314,7.7,-2.4,1034.6
2/21/2021 9:48,8.1,321,10,-2.5,1034.4
2/21/2021 9:54,7.6,312,8.9,-2.4,1034.4
2/21/2021 10:00,7.3,316,8.6,-2.2,1034.6
2/21/2021 10:06,6.6,318,7.9,-2.2,1034.7
2/21/2021 10:12,6.5,320,8.3,-1.8,1034.5
2/21/2021 10:18,6.3,332,9.3,-1.9,1034.5
2/21/2021 10:24,6.2,324,7.8,-2,1034.6
2/21/2021 10:30,7.3,316,9,-1.8,1034.6
2/21/2021 10:36,5.5,324,7.9,-1.7,1034.6
2/21/2021 10:42,7.2,322,8.1,-1.6,1034.6
2/21/2021 10:48,5.7,328,8.7,-1.4,1034.6
2/21/2021 10:54,6.1,317,8.2,-1.5,1034.7
2/21/2021 11:00,6.2,312,7.7,-1.5,1034.8
2/21/2021 11:06,5.1,326,7,-1.3,1034.9
2/21/2021 11:12,5.5,313,7.4,-1.3,1034.9
2/21/2021 11:18,-,-,-,-,-
2/21/2021 11:24,5.1,309,6.5,-1.2,1034.7
2/21/2021 11:30,5.8,307,7.1,-1,1034.7
2/21/2021 11:36,6.2,304,8,-1.1,1034.8
2/21/2021 11:42,5.5,306,7.2,-1,1034.7
2/21/2021 11:48,5.2,312,6.4,-0.8,1034.7
2/21/2021 11:54,5.5,302,6.6,-0.8,1034.7
2/21/2021 12:00,5.1,313,7.8,-0.7,1034.6
2/21/2021 12:06,4.6,316,6.1,-0.6,1034.5
2/21/2021 12:12,5.8,303,6.7,-0.8,1034.5
2/21/2021 12:18,4.9,313,6.2,-0.5,1034.5
2/21/2021 12:24,5.1,288,6.7,-0.3,1034.4
2/21/2021 12:30,4.9,299,6.5,-0.4,1034.3
2/21/2021 12:36,5.3,299,6.5,-0.4,1034.2
2/21/2021 12:42,5.2,303,6.3,-0.3,1034.1
2/21/2021 12:48,5.6,299,6.5,-0.2,1034.1
2/21/2021 12:54,-,-,-,-,-
2/21/2021 13:00,5.4,307,7.1,0,1034.1
2/21/2021 13:06,6.4,304,7.6,0,1034.1
2/21/2021 13:12,6.3,299,7.4,0.2,1034
2/21/2021 13:18,5.7,273,7.3,0.2,1034
2/21/2021 13:24,5.3,287,6.6,0.3,1034
2/21/2021 13:30,5.6,279,6.5,0.4,1033.9
2/21/2021 13:36,5.3,303,6.5,0.3,1033.8
2/21/2021 13:42,4.8,295,8,0.5,1033.8
2/21/2021 13:48,5.7,287,8.1,0.6,1033.8
2/21/2021 13:54,4.8,292,8.2,0.6,1033.8
2/21/2021 14:00,3.8,288,5.5,0.8,1033.7
2/21/2021 14:06,5,296,6.2,0.7,1033.7
2/21/2021 14:12,5.3,308,6.5,0.8,1033.7
2/21/2021 14:18,6.2,303,6.9,0.7,1033.6
2/21/2021 14:24,5.4,308,6.7,0.8,1033.6
2/21/2021 14:30,4.6,298,5.3,1,1033.6
2/21/2021 14:36,4.6,278,5.4,1.2,1033.7
2/21/2021 14:42,4.8,271,5.4,1.3,1033.7
2/21/2021 14:48,5.1,283,6,1.3,1033.6
2/21/2021 14:54,5.3,282,6.1,1.3,1033.4
2/21/2021 15:00,5.8,280,6.5,1.3,1033.4
2/21/2021 15:06,4.9,271,6,1.3,1033.4
2/21/2021 15:12,5,269,6,1.3,1033.4
2/21/2021 15:18,4.7,269,5.8,1.2,1033.3
2/21/2021 15:24,5.4,265,6.4,1.1,1033.3
2/21/2021 15:30,6.2,262,6.8,1,1033.4
2/21/2021 15:36,6.2,261,7.1,1,1033.4
2/21/2021 15:42,4.9,262,6.6,1.1,1033.4
2/21/2021 15:48,6.5,262,7.2,1.2,1033.3
2/21/2021 15:54,6.3,265,7.2,1.4,1033.3
2/21/2021 16:00,5.3,266,6.8,1.5,1033.3
2/21/2021 16:06,5.2,261,6.4,1.5,1033.3
2/21/2021 16:12,4.6,269,6.2,1.7,1033.2
2/21/2021 16:18,5.2,264,6.3,1.5,1033.2
2/21/2021 16:24,6.1,266,6.8,1.5,1033.1
2/21/2021 16:30,5.2,267,6.9,1.5,1033.1
2/21/2021 16:36,5.7,260,6.5,1.4,1033.2
2/21/2021 16:42,4.8,253,6,1.5,1033.1
2/21/2021 16:48,4.6,256,5.8,1.5,1033
2/21/2021 16:54,5.2,256,5.6,1.4,1033
2/21/2021 17:00,4.7,250,5.7,1.4,1032.9
2/21/2021 17:06,4,247,5.1,1.5,1032.9
2/21/2021 17:12,4,240,4.6,1.4,1032.8
2/21/2021 17:18,3.7,237,4.4,1.4,1032.9
2/21/2021 17:24,4.4,238,4.8,1.3,1032.9
2/21/2021 17:30,4,236,4.7,1.3,1033
2/21/2021 17:36,3.6,234,4.6,1.3,1033.1
2/21/2021 17:42,3.8,239,4.5,1.3,1033.2
2/21/2021 17:48,4.2,238,4.7,1.3,1033.2
2/21/2021 17:54,4.1,231,4.8,1.3,1033.2
2/21/2021 18:00,4,231,4.7,1.2,1033.2
2/21/2021 18:06,4,231,4.9,1.1,1033.3
2/21/2021 18:12,3.9,232,4.6,1.1,1033.3
2/21/2021 18:18,3.9,231,4.3,1.1,1033.4
2/21/2021 18:24,3.8,224,4.4,1,1033.5
2/21/2021 18:30,4.1,221,4.8,1,1033.5
2/21/2021 18:36,4.5,215,5,0.8,1033.5
2/21/2021 18:42,3.9,205,5,0.7,1033.6
2/21/2021 18:48,4,218,4.7,0.6,1033.5
2/21/2021 18:54,3.8,222,4.4,0.6,1033.6
2/21/2021 19:00,4.1,216,4.6,0.6,1033.6
2/21/2021 19:06,3.9,211,4.4,0.5,1033.5
2/21/2021 19:12,4.2,214,4.5,0.4,1033.5
2/21/2021 19:18,3.9,219,4.4,0.5,1033.4
2/21/2021 19:24,4.1,212,4.4,0.5,1033.4
2/21/2021 19:30,4,214,4.7,0.4,1033.3
2/21/2021 19:36,4.1,221,4.5,0.4,1033.4
2/21/2021 19:42,4.3,208,5,0.3,1033.3
2/21/2021 19:48,3.6,219,4.7,0.2,1033.2
2/21/2021 19:54,3.9,223,4.5,0.3,1033.2
2/21/2021 20:00,4.1,220,4.5,0.2,1033.2
2/21/2021 20:06,3.8,219,4.6,0.2,1033.2
2/21/2021 20:12,-,-,-,-,-
2/21/2021 20:18,4.5,214,5,0.1,1033.2
2/21/2021 20:24,5,212,5.5,0.1,1033.2
2/21/2021 20:30,4.2,209,5.3,0.1,1033.1
2/21/2021 20:36,4.1,205,5,0,1033.2
2/21/2021 20:42,4.3,210,4.8,-0.1,1033.1
2/21/2021 20:48,4.2,209,4.9,-0.2,1033.1
2/21/2021 20:54,3.8,217,4.4,-0.2,1033
2/21/2021 21:00,4,218,4.4,-0.3,1032.9
2/21/2021 21:06,4.1,209,4.5,-0.3,1032.9
2/21/2021 21:12,4.4,211,5.1,-0.3,1032.9
2/21/2021 21:18,3.9,204,5.1,-0.4,1033.1
2/21/2021 21:24,4.8,214,5.6,-0.4,1033
2/21/2021 21:30,4.4,210,5.2,-0.4,1033
2/21/2021 21:36,4.9,216,5.6,-0.4,1033
2/21/2021 21:42,5.4,216,5.9,-0.5,1032.9
2/21/2021 21:48,4.5,218,5.3,-0.4,1032.8
2/21/2021 21:54,4.4,216,4.9,-0.4,1032.6
2/21/2021 22:00,4.7,207,5.4,-0.4,1032.6
2/21/2021 22:06,4.6,213,5.2,-0.5,1032.3
2/21/2021 22:12,4.1,203,5.3,-0.5,1032.2
2/21/2021 22:18,4.4,206,4.9,-0.5,1032.2
2/21/2021 22:24,5,215,5.5,-0.4,1032.3
2/21/2021 22:30,5,210,5.8,-0.4,1032.3
2/21/2021 22:36,5.5,213,5.7,-0.5,1032.2
2/21/2021 22:42,5.5,216,5.9,-0.5,1032.2
2/21/2021 22:48,5.2,217,6.1,-0.4,1032.1
2/21/2021 22:54,4.7,215,5.3,-0.4,1032
2/21/2021 23:00,4.9,206,5.5,-0.5,1032
2/21/2021 23:06,5,215,5.8,-0.5,1031.8
2/21/2021 23:12,4.6,210,5.2,-0.4,1031.7
2/21/2021 23:18,4.9,211,5.6,-0.3,1031.6
2/21/2021 23:24,5.9,213,6.4,-0.5,1031.5
2/21/2021 23:30,5,218,5.9,-0.4,1031.6
2/21/2021 23:36,5.4,219,6,-0.4,1031.5
2/21/2021 23:42,-,-,-,-,-
2/21/2021 23:48,5.7,214,6.3,-0.7,1031.3
2/21/2021 23:54,5.9,211,6.5,-0.7,1031.4
