DateTime_EST,Predicted_height_m,Verified_height_m
2/17/2021 0:00,1.295,1.142
2/17/2021 0:06,1.283,1.13
2/17/2021 0:12,1.27,1.097
2/17/2021 0:18,1.254,1.085
2/17/2021 0:24,1.237,1.058
2/17/2021 0:30,1.219,1.042
2/17/2021 0:36,1.198,1.019
2/17/2021 0:42,1.177,0.997
2/17/2021 0:48,1.154,0.979
2/17/2021 0:54,1.129,0.957
2/17/2021 1:00,1.104,0.925
2/17/2021 1:06,1.077,0.904
2/17/2021 1:12,1.049,0.88
2/17/2021 1:18,1.021,0.861
2/17/2021 1:24,0.991,0.823
2/17/2021 1:30,0.962,0.802
2/17/2021 1:36,0.931,0.78
2/17/2021 1:42,0.901,0.744
2/17/2021 1:48,0.87,0.724
2/17/2021 1:54,0.839,0.71
2/17/2021 2:00,0.808,0.679
2/17/2021 2:06,0.777,0.655
2/17/2021 2:12,0.746,0.636
2/17/2021 2:18,0.716,0.629
2/17/2021 2:24,0.686,0.599
2/17/2021 2:30,0.656,0.568
2/17/2021 2:36,0.628,0.553
2/17/2021 2:42,0.599,0.533
2/17/2021 2:48,0.572,0.517
2/17/2021 2:54,0.545,0.5
2/17/2021 3:00,0.519,0.479
2/17/2021 3:06,0.493,0.463
2/17/2021 3:12,0.469,0.446
2/17/2021 3:18,0.445,0.426
2/17/2021 3:24,0.422,0.401
2/17/2021 3:30,0.4,0.379
2/17/2021 3:36,0.379,0.354
2/17/2021 3:42,0.358,0.337
2/17/2021 3:48,0.339,0.312
2/17/2021 3:54,0.32,0.294
2/17/2021 4:00,0.303,0.28
2/17/2021 4:06,0.286,0.272
2/17/2021 4:12,0.27,0.257
2/17/2021 4:18,0.256,0.246
2/17/2021 4:24,0.242,0.221
2/17/2021 4:30,0.229,0.219
2/17/2021 4:36,0.218,0.206
2/17/2021 4:42,0.207,0.195
2/17/2021 4:48,0.198,0.174
2/17/2021 4:54,0.19,0.166
2/17/2021 5:00,0.183,0.164
2/17/2021 5:06,0.177,0.146
2/17/2021 5:12,0.173,0.131
2/17/2021 5:18,0.171,0.122
2/17/2021 5:24,0.169,0.116
2/17/2021 5:30,0.169,0.115
2/17/2021 5:36,0.171,0.114
2/17/2021 5:42,0.174,0.114
2/17/2021 5:48,0.179,0.113
2/17/2021 5:54,0.186,0.122
2/17/2021 6:00,0.194,0.136
2/17/2021 6:06,0.203,0.143
2/17/2021 6:12,0.215,0.148
2/17/2021 6:18,0.228,0.156
2/17/2021 6:24,0.242,0.168
2/17/2021 6:30,0.258,0.176
2/17/2021 6:36,0.275,0.188
2/17/2021 6:42,0.294,0.188
2/17/2021 6:48,0.314,0.207
2/17/2021 6:54,0.335,0.223
2/17/2021 7:00,0.357,0.242
2/17/2021 7:06,0.381,0.272
2/17/2021 7:12,0.405,0.273
2/17/2021 7:18,0.43,0.301
2/17/2021 7:24,0.456,0.327
2/17/2021 7:30,0.482,0.351
2/17/2021 7:36,0.509,0.366
2/17/2021 7:42,0.536,0.386
2/17/2021 7:48,0.564,0.421
2/17/2021 7:54,0.591,0.433
2/17/2021 8:00,0.619,0.465
2/17/2021 8:06,0.646,0.486
2/17/2021 8:12,0.674,0.517
2/17/2021 8:18,0.701,0.537
2/17/2021 8:24,0.728,0.568
2/17/2021 8:30,0.754,0.604
2/17/2021 8:36,0.78,0.622
2/17/2021 8:42,0.806,0.652
2/17/2021 8:48,0.831,0.679
2/17/2021 8:54,0.855,0.713
2/17/2021 9:00,0.879,0.741
2/17/2021 9:06,0.902,0.765
2/17/2021 9:12,0.925,0.786
2/17/2021 9:18,0.947,0.8
2/17/2021 9:24,0.968,0.825
2/17/2021 9:30,0.989,0.845
2/17/2021 9:36,1.009,0.861
2/17/2021 9:42,1.028,0.882
2/17/2021 9:48,1.047,0.899
2/17/2021 9:54,1.065,0.922
2/17/2021 10:00,1.082,0.944
2/17/2021 10:06,1.099,0.968
2/17/2021 10:12,1.115,0.997
2/17/2021 10:18,1.13,1.022
2/17/2021 10:24,1.145,1.045
2/17/2021 10:30,1.159,1.066
2/17/2021 10:36,1.172,1.086
2/17/2021 10:42,1.185,1.106
2/17/2021 10:48,1.196,1.122
2/17/2021 10:54,1.206,1.135
2/17/2021 11:00,1.216,1.15
2/17/2021 11:06,1.224,1.171
2/17/2021 11:12,1.232,1.182
2/17/2021 11:18,1.238,1.179
2/17/2021 11:24,1.242,1.202
2/17/2021 11:30,1.246,1.196
2/17/2021 11:36,1.248,1.207
2/17/2021 11:42,1.248,1.206
2/17/2021 11:48,1.247,1.225
2/17/2021 11:54,1.244,1.221
2/17/2021 12:00,1.239,1.217
2/17/2021 12:06,1.233,1.217
2/17/2021 12:12,1.225,1.22
2/17/2021 12:18,1.215,1.203
2/17/2021 12:24,1.204,1.217
2/17/2021 12:30,1.19,1.206
2/17/2021 12:36,1.175,1.192
2/17/2021 12:42,1.158,1.181
2/17/2021 12:48,1.139,1.168
2/17/2021 12:54,1.119,1.146
2/17/2021 13:00,1.097,1.112
2/17/2021 13:06,1.073,1.101
2/17/2021 13:12,1.048,1.062
2/17/2021 13:18,1.022,1.037
2/17/2021 13:24,0.995,1.002
2/17/2021 13:30,0.966,0.974
2/17/2021 13:36,0.937,0.944
2/17/2021 13:42,0.906,0.912
2/17/2021 13:48,0.875,0.884
2/17/2021 13:54,0.844,0.86
2/17/2021 14:00,0.812,0.816
2/17/2021 14:06,0.78,0.773
2/17/2021 14:12,0.748,0.737
2/17/2021 14:18,0.716,0.701
2/17/2021 14:24,0.684,0.648
2/17/2021 14:30,0.652,0.596
2/17/2021 14:36,0.621,0.569
2/17/2021 14:42,0.59,0.523
2/17/2021 14:48,0.56,0.489
2/17/2021 14:54,0.53,0.455
2/17/2021 15:00,0.501,0.434
2/17/2021 15:06,0.473,0.394
2/17/2021 15:12,0.446,0.359
2/17/2021 15:18,0.42,0.331
2/17/2021 15:24,0.395,0.312
2/17/2021 15:30,0.37,0.285
2/17/2021 15:36,0.347,0.25
2/17/2021 15:42,0.325,0.227
2/17/2021 15:48,0.304,0.199
2/17/2021 15:54,0.284,0.182
2/17/2021 16:00,0.265,0.158
2/17/2021 16:06,0.247,0.138
2/17/2021 16:12,0.231,0.13
2/17/2021 16:18,0.215,0.113
2/17/2021 16:24,0.201,0.107
2/17/2021 16:30,0.187,0.093
2/17/2021 16:36,0.175,0.093
2/17/2021 16:42,0.164,0.09
2/17/2021 16:48,0.154,0.083
2/17/2021 16:54,0.146,0.083
2/17/2021 17:00,0.138,0.081
2/17/2021 17:06,0.132,0.087
2/17/2021 17:12,0.127,0.087
2/17/2021 17:18,0.124,0.09
2/17/2021 17:24,0.121,0.098
2/17/2021 17:30,0.12,0.115
2/17/2021 17:36,0.121,0.117
2/17/2021 17:42,0.123,0.133
2/17/2021 17:48,0.126,0.143
2/17/2021 17:54,0.131,0.16
2/17/2021 18:00,0.137,0.171
2/17/2021 18:06,0.145,0.19
2/17/2021 18:12,0.155,0.211
2/17/2021 18:18,0.166,0.233
2/17/2021 18:24,0.178,0.249
2/17/2021 18:30,0.192,0.268
2/17/2021 18:36,0.208,0.295
2/17/2021 18:42,0.225,0.325
2/17/2021 18:48,0.244,0.344
2/17/2021 18:54,0.264,0.366
2/17/2021 19:00,0.285,0.397
2/17/2021 19:06,0.308,0.435
2/17/2021 19:12,0.331,0.46
2/17/2021 19:18,0.356,0.489
2/17/2021 19:24,0.382,0.521
2/17/2021 19:30,0.409,0.559
2/17/2021 19:36,0.436,0.585
2/17/2021 19:42,0.465,0.618
2/17/2021 19:48,0.493,0.657
2/17/2021 19:54,0.523,0.678
2/17/2021 20:00,0.552,0.699
2/17/2021 20:06,0.582,0.729
2/17/2021 20:12,0.612,0.759
2/17/2021 20:18,0.642,0.777
2/17/2021 20:24,0.671,0.791
2/17/2021 20:30,0.701,0.835
2/17/2021 20:36,0.73,0.854
2/17/2021 20:42,0.759,0.875
2/17/2021 20:48,0.787,0.905
2/17/2021 20:54,0.815,0.918
2/17/2021 21:00,0.842,0.947
2/17/2021 21:06,0.869,0.963
2/17/2021 21:12,0.895,0.987
2/17/2021 21:18,0.92,1
2/17/2021 21:24,0.944,1.022
2/17/2021 21:30,0.968,1.031
2/17/2021 21:36,0.991,1.047
2/17/2021 21:42,1.013,1.061
2/17/2021 21:48,1.034,1.066
2/17/2021 21:54,1.054,1.069
2/17/2021 22:00,1.074,1.085
2/17/2021 22:06,1.093,1.098
2/17/2021 22:12,1.112,1.099
2/17/2021 22:18,1.129,1.102
2/17/2021 22:24,1.146,1.123
2/17/2021 22:30,1.162,1.137
2/17/2021 22:36,1.177,1.136
2/17/2021 22:42,1.192,1.14
2/17/2021 22:48,1.206,1.163
2/17/2021 22:54,1.219,1.168
2/17/2021 23:00,1.231,1.172
2/17/2021 23:06,1.242,1.183
2/17/2021 23:12,1.252,1.196
2/17/2021 23:18,1.262,1.195
2/17/2021 23:24,1.271,1.2
2/17/2021 23:30,1.278,1.213
2/17/2021 23:36,1.284,1.224
2/17/2021 23:42,1.29,1.226
2/17/2021 23:48,1.294,1.229
2/17/2021 23:54,1.296,1.24
2/18/2021 0:00,1.298,1.252
2/18/2021 0:06,1.298,1.238
2/18/2021 0:12,1.296,1.252
2/18/2021 0:18,1.293,1.252
2/18/2021 0:24,1.288,1.249
2/18/2021 0:30,1.282,1.252
2/18/2021 0:36,1.274,1.257
2/18/2021 0:42,1.265,1.254
2/18/2021 0:48,1.253,1.249
2/18/2021 0:54,1.241,1.245
2/18/2021 1:00,1.226,1.249
2/18/2021 1:06,1.21,1.231
2/18/2021 1:12,1.193,1.218
2/18/2021 1:18,1.174,1.203
2/18/2021 1:24,1.153,1.192
2/18/2021 1:30,1.132,1.174
2/18/2021 1:36,1.109,1.148
2/18/2021 1:42,1.085,1.143
2/18/2021 1:48,1.059,1.117
2/18/2021 1:54,1.033,1.091
2/18/2021 2:00,1.006,1.089
2/18/2021 2:06,0.979,1.062
2/18/2021 2:12,0.951,1.036
2/18/2021 2:18,0.922,1.02
2/18/2021 2:24,0.894,0.998
2/18/2021 2:30,0.865,0.959
2/18/2021 2:36,0.836,0.938
2/18/2021 2:42,0.807,0.915
2/18/2021 2:48,0.779,0.885
2/18/2021 2:54,0.751,0.841
2/18/2021 3:00,0.723,0.818
2/18/2021 3:06,0.695,0.791
2/18/2021 3:12,0.669,0.756
2/18/2021 3:18,0.643,0.719
2/18/2021 3:24,0.617,0.7
2/18/2021 3:30,0.593,0.671
2/18/2021 3:36,0.569,0.647
2/18/2021 3:42,0.546,0.614
2/18/2021 3:48,0.524,0.594
2/18/2021 3:54,0.503,0.557
2/18/2021 4:00,0.482,0.524
2/18/2021 4:06,0.463,0.504
2/18/2021 4:12,0.444,0.49
2/18/2021 4:18,0.426,0.46
2/18/2021 4:24,0.409,0.426
2/18/2021 4:30,0.393,0.41
2/18/2021 4:36,0.378,0.392
2/18/2021 4:42,0.364,0.377
2/18/2021 4:48,0.35,0.356
2/18/2021 4:54,0.337,0.343
2/18/2021 5:00,0.325,0.322
2/18/2021 5:06,0.314,0.306
2/18/2021 5:12,0.303,0.293
2/18/2021 5:18,0.294,0.276
2/18/2021 5:24,0.285,0.264
2/18/2021 5:30,0.277,0.252
2/18/2021 5:36,0.27,0.242
2/18/2021 5:42,0.263,0.232
2/18/2021 5:48,0.258,0.223
2/18/2021 5:54,0.254,0.218
2/18/2021 6:00,0.251,0.222
2/18/2021 6:06,0.248,0.221
2/18/2021 6:12,0.247,0.221
2/18/2021 6:18,0.247,0.231
2/18/2021 6:24,0.249,0.22
2/18/2021 6:30,0.251,0.248
2/18/2021 6:36,0.255,0.251
2/18/2021 6:42,0.26,0.251
2/18/2021 6:48,0.266,0.252
2/18/2021 6:54,0.273,0.273
2/18/2021 7:00,0.282,0.285
2/18/2021 7:06,0.293,0.29
2/18/2021 7:12,0.304,0.297
2/18/2021 7:18,0.317,0.329
2/18/2021 7:24,0.331,0.35
2/18/2021 7:30,0.346,0.372
2/18/2021 7:36,0.362,0.383
2/18/2021 7:42,0.379,0.413
2/18/2021 7:48,0.398,0.44
2/18/2021 7:54,0.417,0.467
2/18/2021 8:00,0.437,0.497
2/18/2021 8:06,0.458,0.521
2/18/2021 8:12,0.48,0.547
2/18/2021 8:18,0.502,0.587
2/18/2021 8:24,0.524,0.636
2/18/2021 8:30,0.547,0.674
2/18/2021 8:36,0.571,0.69
2/18/2021 8:42,0.594,0.73
2/18/2021 8:48,0.618,0.767
2/18/2021 8:54,0.641,0.816
2/18/2021 9:00,0.665,0.843
2/18/2021 9:06,0.688,0.864
2/18/2021 9:12,0.711,0.9
2/18/2021 9:18,0.734,0.939
2/18/2021 9:24,0.756,0.971
2/18/2021 9:30,0.778,1.003
2/18/2021 9:36,0.8,1.018
2/18/2021 9:42,0.821,1.035
2/18/2021 9:48,0.842,1.082
2/18/2021 9:54,0.862,1.113
2/18/2021 10:00,0.882,1.118
2/18/2021 10:06,0.901,1.134
2/18/2021 10:12,0.92,1.159
2/18/2021 10:18,0.938,1.187
2/18/2021 10:24,0.955,1.207
2/18/2021 10:30,0.972,1.216
2/18/2021 10:36,0.989,1.225
2/18/2021 10:42,1.005,1.242
2/18/2021 10:48,1.02,1.254
2/18/2021 10:54,1.035,1.265
2/18/2021 11:00,1.049,1.278
2/18/2021 11:06,1.063,1.269
2/18/2021 11:12,1.075,1.278
2/18/2021 11:18,1.088,1.296
2/18/2021 11:24,1.099,1.292
2/18/2021 11:30,1.11,1.295
2/18/2021 11:36,1.12,1.307
2/18/2021 11:42,1.129,1.304
2/18/2021 11:48,1.137,1.309
2/18/2021 11:54,1.144,1.306
2/18/2021 12:00,1.151,1.313
2/18/2021 12:06,1.156,1.323
2/18/2021 12:12,1.159,1.32
2/18/2021 12:18,1.162,1.325
2/18/2021 12:24,1.163,1.33
2/18/2021 12:30,1.163,1.351
2/18/2021 12:36,1.161,1.337
2/18/2021 12:42,1.157,1.325
2/18/2021 12:48,1.153,1.319
2/18/2021 12:54,1.146,1.307
2/18/2021 13:00,1.138,1.307
2/18/2021 13:06,1.128,1.287
2/18/2021 13:12,1.117,1.276
2/18/2021 13:18,1.103,1.28
2/18/2021 13:24,1.089,1.265
2/18/2021 13:30,1.072,1.25
2/18/2021 13:36,1.054,1.257
2/18/2021 13:42,1.035,1.258
2/18/2021 13:48,1.014,1.218
2/18/2021 13:54,0.992,1.22
2/18/2021 14:00,0.968,1.218
2/18/2021 14:06,0.944,1.197
2/18/2021 14:12,0.918,1.193
2/18/2021 14:18,0.892,1.178
2/18/2021 14:24,0.865,1.154
2/18/2021 14:30,0.837,1.151
2/18/2021 14:36,0.809,1.137
2/18/2021 14:42,0.78,1.102
2/18/2021 14:48,0.751,1.072
2/18/2021 14:54,0.722,1.049
2/18/2021 15:00,0.694,1.029
2/18/2021 15:06,0.665,0.992
2/18/2021 15:12,0.637,0.949
2/18/2021 15:18,0.609,0.927
2/18/2021 15:24,0.582,0.901
2/18/2021 15:30,0.555,0.875
2/18/2021 15:36,0.529,0.841
2/18/2021 15:42,0.504,0.823
2/18/2021 15:48,0.48,0.808
2/18/2021 15:54,0.457,0.77
2/18/2021 16:00,0.434,0.766
2/18/2021 16:06,0.413,0.753
2/18/2021 16:12,0.393,0.716
2/18/2021 16:18,0.374,0.686
2/18/2021 16:24,0.356,0.675
2/18/2021 16:30,0.338,0.664
2/18/2021 16:36,0.322,0.622
2/18/2021 16:42,0.307,0.608
2/18/2021 16:48,0.293,0.588
2/18/2021 16:54,0.281,0.573
2/18/2021 17:00,0.269,0.571
2/18/2021 17:06,0.258,0.576
2/18/2021 17:12,0.248,0.571
2/18/2021 17:18,0.239,0.567
2/18/2021 17:24,0.23,0.58
2/18/2021 17:30,0.223,0.607
2/18/2021 17:36,0.217,0.607
2/18/2021 17:42,0.212,0.606
2/18/2021 17:48,0.207,0.601
2/18/2021 17:54,0.204,0.614
2/18/2021 18:00,0.202,0.628
2/18/2021 18:06,0.2,0.611
2/18/2021 18:12,0.2,0.611
2/18/2021 18:18,0.201,0.627
2/18/2021 18:24,0.203,0.629
2/18/2021 18:30,0.206,0.632
2/18/2021 18:36,0.21,0.673
2/18/2021 18:42,0.215,0.669
2/18/2021 18:48,0.221,0.683
2/18/2021 18:54,0.229,0.704
2/18/2021 19:00,0.238,0.735
2/18/2021 19:06,0.249,0.718
2/18/2021 19:12,0.26,0.741
2/18/2021 19:18,0.273,0.753
2/18/2021 19:24,0.287,0.766
2/18/2021 19:30,0.303,0.757
2/18/2021 19:36,0.32,0.789
2/18/2021 19:42,0.338,0.801
2/18/2021 19:48,0.357,0.811
2/18/2021 19:54,0.377,0.814
2/18/2021 20:00,0.399,0.853
2/18/2021 20:06,0.421,0.864
2/18/2021 20:12,0.445,0.868
2/18/2021 20:18,0.469,0.871
2/18/2021 20:24,0.494,0.882
2/18/2021 20:30,0.52,0.885
2/18/2021 20:36,0.546,0.891
2/18/2021 20:42,0.572,0.881
2/18/2021 20:48,0.6,0.887
2/18/2021 20:54,0.627,0.899
2/18/2021 21:00,0.654,0.906
2/18/2021 21:06,0.682,0.92
2/18/2021 21:12,0.709,0.929
2/18/2021 21:18,0.736,0.944
2/18/2021 21:24,0.763,0.969
2/18/2021 21:30,0.79,0.994
2/18/2021 21:36,0.816,1.011
2/18/2021 21:42,0.842,1.031
2/18/2021 21:48,0.867,1.067
2/18/2021 21:54,0.892,1.089
2/18/2021 22:00,0.916,1.106
2/18/2021 22:06,0.939,1.12
2/18/2021 22:12,0.962,1.154
2/18/2021 22:18,0.983,1.16
2/18/2021 22:24,1.005,1.159
2/18/2021 22:30,1.025,1.17
2/18/2021 22:36,1.045,1.199
2/18/2021 22:42,1.064,1.22
2/18/2021 22:48,1.082,1.232
2/18/2021 22:54,1.099,1.261
2/18/2021 23:00,1.116,1.306
2/18/2021 23:06,1.131,1.339
2/18/2021 23:12,1.147,1.364
2/18/2021 23:18,1.161,1.393
2/18/2021 23:24,1.175,1.429
2/18/2021 23:30,1.187,1.464
2/18/2021 23:36,1.199,1.481
2/18/2021 23:42,1.211,1.51
2/18/2021 23:48,1.221,1.542
2/18/2021 23:54,1.231,1.549
2/19/2021 0:00,1.24,1.584
2/19/2021 0:06,1.247,1.589
2/19/2021 0:12,1.254,1.607
2/19/2021 0:18,1.26,1.627
2/19/2021 0:24,1.265,1.645
2/19/2021 0:30,1.268,1.645
2/19/2021 0:36,1.271,1.666
2/19/2021 0:42,1.272,1.687
2/19/2021 0:48,1.272,1.697
2/19/2021 0:54,1.271,1.695
2/19/2021 1:00,1.268,1.693
2/19/2021 1:06,1.264,1.71
2/19/2021 1:12,1.258,1.69
2/19/2021 1:18,1.251,1.678
2/19/2021 1:24,1.242,1.659
2/19/2021 1:30,1.232,1.649
2/19/2021 1:36,1.22,1.637
2/19/2021 1:42,1.207,1.631
2/19/2021 1:48,1.193,1.615
2/19/2021 1:54,1.177,1.593
2/19/2021 2:00,1.16,1.59
2/19/2021 2:06,1.141,1.565
2/19/2021 2:12,1.121,1.516
2/19/2021 2:18,1.1,1.492
2/19/2021 2:24,1.078,1.452
2/19/2021 2:30,1.055,1.423
2/19/2021 2:36,1.031,1.384
2/19/2021 2:42,1.007,1.35
2/19/2021 2:48,0.982,1.318
2/19/2021 2:54,0.956,1.307
2/19/2021 3:00,0.93,1.265
2/19/2021 3:06,0.904,1.257
2/19/2021 3:12,0.877,1.213
2/19/2021 3:18,0.851,1.199
2/19/2021 3:24,0.825,1.157
2/19/2021 3:30,0.799,1.124
2/19/2021 3:36,0.774,1.087
2/19/2021 3:42,0.749,1.053
2/19/2021 3:48,0.724,1.01
2/19/2021 3:54,0.7,0.99
2/19/2021 4:00,0.677,0.964
2/19/2021 4:06,0.654,0.925
2/19/2021 4:12,0.632,0.924
2/19/2021 4:18,0.611,0.911
2/19/2021 4:24,0.591,0.895
2/19/2021 4:30,0.572,0.883
2/19/2021 4:36,0.553,0.874
2/19/2021 4:42,0.535,0.855
2/19/2021 4:48,0.518,0.843
2/19/2021 4:54,0.502,0.826
2/19/2021 5:00,0.487,0.809
2/19/2021 5:06,0.472,0.797
2/19/2021 5:12,0.458,0.782
2/19/2021 5:18,0.444,0.783
2/19/2021 5:24,0.432,0.784
2/19/2021 5:30,0.419,0.782
2/19/2021 5:36,0.408,0.768
2/19/2021 5:42,0.397,0.77
2/19/2021 5:48,0.386,0.779
2/19/2021 5:54,0.376,0.776
2/19/2021 6:00,0.367,0.773
2/19/2021 6:06,0.358,0.762
2/19/2021 6:12,0.35,0.78
2/19/2021 6:18,0.342,0.774
2/19/2021 6:24,0.335,0.787
2/19/2021 6:30,0.328,0.783
2/19/2021 6:36,0.322,0.785
2/19/2021 6:42,0.317,0.782
2/19/2021 6:48,0.312,0.785
2/19/2021 6:54,0.308,0.786
2/19/2021 7:00,0.305,0.777
2/19/2021 7:06,0.303,0.789
2/19/2021 7:12,0.302,0.789
2/19/2021 7:18,0.302,0.794
2/19/2021 7:24,0.303,0.8
2/19/2021 7:30,0.305,0.816
2/19/2021 7:36,0.308,0.842
2/19/2021 7:42,0.312,0.858
2/19/2021 7:48,0.317,0.867
2/19/2021 7:54,0.324,0.89
2/19/2021 8:00,0.331,0.898
2/19/2021 8:06,0.34,0.901
2/19/2021 8:12,0.35,0.918
2/19/2021 8:18,0.362,0.918
2/19/2021 8:24,0.374,0.919
2/19/2021 8:30,0.388,0.928
2/19/2021 8:36,0.402,0.951
2/19/2021 8:42,0.418,0.968
2/19/2021 8:48,0.434,0.962
2/19/2021 8:54,0.451,1.001
2/19/2021 9:00,0.469,1.022
2/19/2021 9:06,0.488,1.03
2/19/2021 9:12,0.508,1.044
2/19/2021 9:18,0.527,1.071
2/19/2021 9:24,0.548,1.095
2/19/2021 9:30,0.568,1.113
2/19/2021 9:36,0.589,1.116
2/19/2021 9:42,0.61,1.161
2/19/2021 9:48,0.631,1.173
2/19/2021 9:54,0.652,1.183
2/19/2021 10:00,0.673,1.199
2/19/2021 10:06,0.694,1.214
2/19/2021 10:12,0.715,1.226
2/19/2021 10:18,0.735,1.23
2/19/2021 10:24,0.755,1.267
2/19/2021 10:30,0.775,1.257
2/19/2021 10:36,0.794,1.275
2/19/2021 10:42,0.813,1.3
2/19/2021 10:48,0.832,1.324
2/19/2021 10:54,0.85,1.336
2/19/2021 11:00,0.867,1.356
2/19/2021 11:06,0.885,1.37
2/19/2021 11:12,0.901,1.385
2/19/2021 11:18,0.917,1.402
2/19/2021 11:24,0.933,1.413
2/19/2021 11:30,0.948,1.432
2/19/2021 11:36,0.962,1.439
2/19/2021 11:42,0.976,1.454
2/19/2021 11:48,0.99,1.479
2/19/2021 11:54,1.002,1.485
2/19/2021 12:00,1.014,1.499
2/19/2021 12:06,1.026,1.523
2/19/2021 12:12,1.037,1.522
2/19/2021 12:18,1.047,1.528
2/19/2021 12:24,1.056,1.526
2/19/2021 12:30,1.065,1.529
2/19/2021 12:36,1.072,1.524
2/19/2021 12:42,1.079,1.528
2/19/2021 12:48,1.084,1.53
2/19/2021 12:54,1.089,1.541
2/19/2021 13:00,1.092,1.544
2/19/2021 13:06,1.095,1.562
2/19/2021 13:12,1.096,1.561
2/19/2021 13:18,1.095,1.566
2/19/2021 13:24,1.094,1.581
2/19/2021 13:30,1.091,1.572
2/19/2021 13:36,1.086,1.559
2/19/2021 13:42,1.08,1.56
2/19/2021 13:48,1.073,1.55
2/19/2021 13:54,1.064,1.532
2/19/2021 14:00,1.053,1.508
2/19/2021 14:06,1.041,1.493
2/19/2021 14:12,1.028,1.478
2/19/2021 14:18,1.013,1.44
2/19/2021 14:24,0.997,1.427
2/19/2021 14:30,0.979,1.41
2/19/2021 14:36,0.96,1.387
2/19/2021 14:42,0.94,1.371
2/19/2021 14:48,0.919,1.354
2/19/2021 14:54,0.897,1.318
2/19/2021 15:00,0.875,1.294
2/19/2021 15:06,0.851,1.277
2/19/2021 15:12,0.827,1.241
2/19/2021 15:18,0.802,1.215
2/19/2021 15:24,0.777,1.188
2/19/2021 15:30,0.752,1.172
2/19/2021 15:36,0.727,1.137
2/19/2021 15:42,0.702,1.112
2/19/2021 15:48,0.677,1.083
2/19/2021 15:54,0.652,1.073
2/19/2021 16:00,0.628,1.046
2/19/2021 16:06,0.604,1.013
2/19/2021 16:12,0.581,0.991
2/19/2021 16:18,0.558,0.988
2/19/2021 16:24,0.536,0.985
2/19/2021 16:30,0.515,0.976
2/19/2021 16:36,0.495,0.971
2/19/2021 16:42,0.475,0.952
2/19/2021 16:48,0.457,0.952
2/19/2021 16:54,0.439,0.95
2/19/2021 17:00,0.423,0.939
2/19/2021 17:06,0.407,0.909
2/19/2021 17:12,0.393,0.898
2/19/2021 17:18,0.379,0.891
2/19/2021 17:24,0.366,0.88
2/19/2021 17:30,0.354,0.863
2/19/2021 17:36,0.343,0.852
2/19/2021 17:42,0.332,0.85
2/19/2021 17:48,0.323,0.844
2/19/2021 17:54,0.314,0.828
2/19/2021 18:00,0.306,0.836
2/19/2021 18:06,0.298,0.829
2/19/2021 18:12,0.292,0.829
2/19/2021 18:18,0.286,0.822
2/19/2021 18:24,0.28,0.838
2/19/2021 18:30,0.276,0.83
2/19/2021 18:36,0.272,0.825
2/19/2021 18:42,0.268,0.82
2/19/2021 18:48,0.266,0.828
2/19/2021 18:54,0.264,0.799
2/19/2021 19:00,0.263,0.792
2/19/2021 19:06,0.263,0.79
2/19/2021 19:12,0.264,0.801
2/19/2021 19:18,0.265,0.778
2/19/2021 19:24,0.268,0.772
2/19/2021 19:30,0.271,0.777
2/19/2021 19:36,0.276,0.785
2/19/2021 19:42,0.282,0.774
2/19/2021 19:48,0.289,0.762
2/19/2021 19:54,0.297,0.768
2/19/2021 20:00,0.306,0.767
2/19/2021 20:06,0.316,0.766
2/19/2021 20:12,0.328,0.773
2/19/2021 20:18,0.341,0.773
2/19/2021 20:24,0.356,0.779
2/19/2021 20:30,0.371,0.794
2/19/2021 20:36,0.388,0.814
2/19/2021 20:42,0.406,0.805
2/19/2021 20:48,0.425,0.827
2/19/2021 20:54,0.445,0.837
2/19/2021 21:00,0.466,0.847
2/19/2021 21:06,0.488,0.851
2/19/2021 21:12,0.511,0.862
2/19/2021 21:18,0.535,0.877
2/19/2021 21:24,0.559,0.895
2/19/2021 21:30,0.584,0.909
2/19/2021 21:36,0.61,0.922
2/19/2021 21:42,0.636,0.947
2/19/2021 21:48,0.662,0.966
2/19/2021 21:54,0.688,0.988
2/19/2021 22:00,0.715,1.006
2/19/2021 22:06,0.741,1.015
2/19/2021 22:12,0.767,1.032
2/19/2021 22:18,0.793,1.051
2/19/2021 22:24,0.819,1.092
2/19/2021 22:30,0.844,1.106
2/19/2021 22:36,0.869,1.135
2/19/2021 22:42,0.893,1.156
2/19/2021 22:48,0.917,1.199
2/19/2021 22:54,0.94,1.226
2/19/2021 23:00,0.962,1.26
2/19/2021 23:06,0.984,1.289
2/19/2021 23:12,1.004,1.313
2/19/2021 23:18,1.024,1.327
2/19/2021 23:24,1.044,1.359
2/19/2021 23:30,1.062,1.392
2/19/2021 23:36,1.08,1.415
2/19/2021 23:42,1.097,1.439
2/19/2021 23:48,1.113,1.468
2/19/2021 23:54,1.128,1.502
2/20/2021 0:00,1.143,1.529
2/20/2021 0:06,1.157,1.551
2/20/2021 0:12,1.169,1.569
2/20/2021 0:18,1.182,1.601
2/20/2021 0:24,1.193,1.609
2/20/2021 0:30,1.203,1.618
2/20/2021 0:36,1.213,1.635
2/20/2021 0:42,1.222,1.64
2/20/2021 0:48,1.229,1.663
2/20/2021 0:54,1.236,1.666
2/20/2021 1:00,1.242,1.667
2/20/2021 1:06,1.247,1.688
2/20/2021 1:12,1.251,1.69
2/20/2021 1:18,1.254,1.687
2/20/2021 1:24,1.256,1.7
2/20/2021 1:30,1.256,1.694
2/20/2021 1:36,1.256,1.688
2/20/2021 1:42,1.254,1.686
2/20/2021 1:48,1.251,1.677
2/20/2021 1:54,1.246,1.661
2/20/2021 2:00,1.241,1.65
2/20/2021 2:06,1.234,1.648
2/20/2021 2:12,1.225,1.604
2/20/2021 2:18,1.216,1.596
2/20/2021 2:24,1.204,1.57
2/20/2021 2:30,1.192,1.54
2/20/2021 2:36,1.178,1.514
2/20/2021 2:42,1.164,1.495
2/20/2021 2:48,1.147,1.464
2/20/2021 2:54,1.13,1.428
2/20/2021 3:00,1.112,1.41
2/20/2021 3:06,1.093,1.372
2/20/2021 3:12,1.072,1.349
2/20/2021 3:18,1.051,1.316
2/20/2021 3:24,1.03,1.28
2/20/2021 3:30,1.007,1.248
2/20/2021 3:36,0.985,1.214
2/20/2021 3:42,0.961,1.186
2/20/2021 3:48,0.938,1.155
2/20/2021 3:54,0.914,1.138
2/20/2021 4:00,0.891,1.09
2/20/2021 4:06,0.867,1.076
2/20/2021 4:12,0.844,1.056
2/20/2021 4:18,0.821,1.03
2/20/2021 4:24,0.798,0.999
2/20/2021 4:30,0.776,0.984
2/20/2021 4:36,0.754,0.975
2/20/2021 4:42,0.733,0.937
2/20/2021 4:48,0.712,0.908
2/20/2021 4:54,0.692,0.892
2/20/2021 5:00,0.672,0.873
2/20/2021 5:06,0.654,0.847
2/20/2021 5:12,0.636,0.82
2/20/2021 5:18,0.618,0.803
2/20/2021 5:24,0.602,0.795
2/20/2021 5:30,0.585,0.768
2/20/2021 5:36,0.57,0.764
2/20/2021 5:42,0.555,0.752
2/20/2021 5:48,0.541,0.733
2/20/2021 5:54,0.527,0.714
2/20/2021 6:00,0.514,0.708
2/20/2021 6:06,0.501,0.685
2/20/2021 6:12,0.488,0.667
2/20/2021 6:18,0.476,0.655
2/20/2021 6:24,0.464,0.651
2/20/2021 6:30,0.452,0.627
2/20/2021 6:36,0.441,0.616
2/20/2021 6:42,0.43,0.6
2/20/2021 6:48,0.419,0.598
2/20/2021 6:54,0.409,0.591
2/20/2021 7:00,0.398,0.567
2/20/2021 7:06,0.389,0.562
2/20/2021 7:12,0.379,0.566
2/20/2021 7:18,0.37,0.547
2/20/2021 7:24,0.361,0.535
2/20/2021 7:30,0.353,0.536
2/20/2021 7:36,0.345,0.534
2/20/2021 7:42,0.338,0.532
2/20/2021 7:48,0.332,0.533
2/20/2021 7:54,0.326,0.531
2/20/2021 8:00,0.322,0.532
2/20/2021 8:06,0.318,0.53
2/20/2021 8:12,0.315,0.546
2/20/2021 8:18,0.313,0.558
2/20/2021 8:24,0.312,0.558
2/20/2021 8:30,0.313,0.561
2/20/2021 8:36,0.314,0.578
2/20/2021 8:42,0.317,0.591
2/20/2021 8:48,0.321,0.601
2/20/2021 8:54,0.327,0.611
2/20/2021 9:00,0.334,0.626
2/20/2021 9:06,0.342,0.642
2/20/2021 9:12,0.351,0.657
2/20/2021 9:18,0.361,0.664
2/20/2021 9:24,0.373,0.68
2/20/2021 9:30,0.386,0.693
2/20/2021 9:36,0.4,0.706
2/20/2021 9:42,0.415,0.722
2/20/2021 9:48,0.431,0.73
2/20/2021 9:54,0.448,0.758
2/20/2021 10:00,0.465,0.768
2/20/2021 10:06,0.484,0.789
2/20/2021 10:12,0.503,0.809
2/20/2021 10:18,0.522,0.83
2/20/2021 10:24,0.542,0.845
2/20/2021 10:30,0.562,0.859
2/20/2021 10:36,0.583,0.887
2/20/2021 10:42,0.603,0.9
2/20/2021 10:48,0.624,0.907
2/20/2021 10:54,0.644,0.919
2/20/2021 11:00,0.665,0.937
2/20/2021 11:06,0.685,0.946
2/20/2021 11:12,0.705,0.951
2/20/2021 11:18,0.725,0.957
2/20/2021 11:24,0.745,0.986
2/20/2021 11:30,0.764,0.987
2/20/2021 11:36,0.782,0.998
2/20/2021 11:42,0.801,1.015
2/20/2021 11:48,0.818,1.025
2/20/2021 11:54,0.836,1.035
2/20/2021 12:00,0.853,1.038
2/20/2021 12:06,0.869,1.058
2/20/2021 12:12,0.885,1.059
2/20/2021 12:18,0.9,1.064
2/20/2021 12:24,0.915,1.071
2/20/2021 12:30,0.929,1.077
2/20/2021 12:36,0.942,1.07
2/20/2021 12:42,0.955,1.087
2/20/2021 12:48,0.967,1.09
2/20/2021 12:54,0.979,1.098
2/20/2021 13:00,0.99,1.093
2/20/2021 13:06,1,1.099
2/20/2021 13:12,1.01,1.112
2/20/2021 13:18,1.019,1.124
2/20/2021 13:24,1.027,1.119
2/20/2021 13:30,1.034,1.135
2/20/2021 13:36,1.04,1.134
2/20/2021 13:42,1.045,1.138
2/20/2021 13:48,1.049,1.143
2/20/2021 13:54,1.052,1.146
2/20/2021 14:00,1.054,1.147
2/20/2021 14:06,1.055,1.153
2/20/2021 14:12,1.054,1.16
2/20/2021 14:18,1.052,1.169
2/20/2021 14:24,1.049,1.165
2/20/2021 14:30,1.045,1.174
2/20/2021 14:36,1.039,1.179
2/20/2021 14:42,1.032,1.172
2/20/2021 14:48,1.023,1.17
2/20/2021 14:54,1.013,1.172
2/20/2021 15:00,1.002,1.16
2/20/2021 15:06,0.99,1.146
2/20/2021 15:12,0.976,1.145
2/20/2021 15:18,0.961,1.136
2/20/2021 15:24,0.945,1.124
2/20/2021 15:30,0.928,1.1
2/20/2021 15:36,0.91,1.093
2/20/2021 15:42,0.891,1.081
2/20/2021 15:48,0.872,1.047
2/20/2021 15:54,0.851,1.051
2/20/2021 16:00,0.83,1.036
2/20/2021 16:06,0.809,1.012
2/20/2021 16:12,0.787,1.004
2/20/2021 16:18,0.765,0.989
2/20/2021 16:24,0.743,0.958
2/20/2021 16:30,0.721,0.933
2/20/2021 16:36,0.699,0.91
2/20/2021 16:42,0.678,0.89
2/20/2021 16:48,0.656,0.859
2/20/2021 16:54,0.635,0.833
2/20/2021 17:00,0.615,0.807
2/20/2021 17:06,0.595,0.793
2/20/2021 17:12,0.575,0.767
2/20/2021 17:18,0.557,0.753
2/20/2021 17:24,0.539,0.722
2/20/2021 17:30,0.521,0.696
2/20/2021 17:36,0.505,0.676
2/20/2021 17:42,0.489,0.658
2/20/2021 17:48,0.473,0.639
2/20/2021 17:54,0.459,0.617
2/20/2021 18:00,0.445,0.585
2/20/2021 18:06,0.432,0.571
2/20/2021 18:12,0.419,0.559
2/20/2021 18:18,0.408,0.539
2/20/2021 18:24,0.396,0.516
2/20/2021 18:30,0.386,0.5
2/20/2021 18:36,0.376,0.491
2/20/2021 18:42,0.366,0.463
2/20/2021 18:48,0.357,0.442
2/20/2021 18:54,0.349,0.427
2/20/2021 19:00,0.341,0.419
2/20/2021 19:06,0.333,0.398
2/20/2021 19:12,0.326,0.386
2/20/2021 19:18,0.319,0.384
2/20/2021 19:24,0.313,0.378
2/20/2021 19:30,0.308,0.37
2/20/2021 19:36,0.303,0.362
2/20/2021 19:42,0.298,0.36
2/20/2021 19:48,0.295,0.357
2/20/2021 19:54,0.292,0.354
2/20/2021 20:00,0.29,0.347
2/20/2021 20:06,0.288,0.342
2/20/2021 20:12,0.288,0.349
2/20/2021 20:18,0.289,0.344
2/20/2021 20:24,0.29,0.347
2/20/2021 20:30,0.293,0.352
2/20/2021 20:36,0.297,0.358
2/20/2021 20:42,0.302,0.361
2/20/2021 20:48,0.309,0.368
2/20/2021 20:54,0.316,0.377
2/20/2021 21:00,0.326,0.394
2/20/2021 21:06,0.336,0.403
2/20/2021 21:12,0.348,0.415
2/20/2021 21:18,0.361,0.436
2/20/2021 21:24,0.376,0.458
2/20/2021 21:30,0.392,0.471
2/20/2021 21:36,0.409,0.493
2/20/2021 21:42,0.428,0.515
2/20/2021 21:48,0.448,0.53
2/20/2021 21:54,0.469,0.549
2/20/2021 22:00,0.491,0.565
2/20/2021 22:06,0.514,0.589
2/20/2021 22:12,0.537,0.603
2/20/2021 22:18,0.562,0.622
2/20/2021 22:24,0.587,0.642
2/20/2021 22:30,0.613,0.669
2/20/2021 22:36,0.639,0.679
2/20/2021 22:42,0.666,0.709
2/20/2021 22:48,0.693,0.734
2/20/2021 22:54,0.72,0.758
2/20/2021 23:00,0.746,0.768
2/20/2021 23:06,0.773,0.797
2/20/2021 23:12,0.8,0.826
2/20/2021 23:18,0.826,0.844
2/20/2021 23:24,0.851,0.871
2/20/2021 23:30,0.877,0.896
2/20/2021 23:36,0.901,0.914
2/20/2021 23:42,0.925,0.938
2/20/2021 23:48,0.949,0.956
2/20/2021 23:54,0.971,0.982
2/21/2021 0:00,0.993,1.002
2/21/2021 0:06,1.014,1.015
2/21/2021 0:12,1.034,1.034
2/21/2021 0:18,1.054,1.068
2/21/2021 0:24,1.072,1.079
2/21/2021 0:30,1.09,1.102
2/21/2021 0:36,1.106,1.116
2/21/2021 0:42,1.122,1.14
2/21/2021 0:48,1.137,1.151
2/21/2021 0:54,1.152,1.167
2/21/2021 1:00,1.165,1.176
2/21/2021 1:06,1.177,1.186
2/21/2021 1:12,1.189,1.201
2/21/2021 1:18,1.2,1.213
2/21/2021 1:24,1.21,1.227
2/21/2021 1:30,1.219,1.238
2/21/2021 1:36,1.227,1.247
2/21/2021 1:42,1.234,1.262
2/21/2021 1:48,1.24,1.27
2/21/2021 1:54,1.246,1.28
2/21/2021 2:00,1.25,1.282
2/21/2021 2:06,1.253,1.287
2/21/2021 2:12,1.255,1.29
2/21/2021 2:18,1.257,1.292
2/21/2021 2:24,1.257,1.286
2/21/2021 2:30,1.256,1.282
2/21/2021 2:36,1.254,1.281
2/21/2021 2:42,1.25,1.273
2/21/2021 2:48,1.246,1.267
2/21/2021 2:54,1.24,1.261
2/21/2021 3:00,1.233,1.265
2/21/2021 3:06,1.225,1.252
2/21/2021 3:12,1.215,1.25
2/21/2021 3:18,1.205,1.244
2/21/2021 3:24,1.193,1.236
2/21/2021 3:30,1.18,1.225
2/21/2021 3:36,1.166,1.211
2/21/2021 3:42,1.151,1.197
2/21/2021 3:48,1.135,1.178
2/21/2021 3:54,1.118,1.159
2/21/2021 4:00,1.1,1.133
2/21/2021 4:06,1.081,1.108
2/21/2021 4:12,1.062,1.084
2/21/2021 4:18,1.042,1.064
2/21/2021 4:24,1.021,1.035
2/21/2021 4:30,1,1.012
2/21/2021 4:36,0.979,0.991
2/21/2021 4:42,0.958,0.971
2/21/2021 4:48,0.936,0.941
2/21/2021 4:54,0.915,0.917
2/21/2021 5:00,0.893,0.899
2/21/2021 5:06,0.872,0.875
2/21/2021 5:12,0.85,0.85
2/21/2021 5:18,0.829,0.828
2/21/2021 5:24,0.809,0.805
2/21/2021 5:30,0.788,0.785
2/21/2021 5:36,0.769,0.764
2/21/2021 5:42,0.749,0.742
2/21/2021 5:48,0.73,0.721
2/21/2021 5:54,0.712,0.7
2/21/2021 6:00,0.694,0.68
2/21/2021 6:06,0.676,0.66
2/21/2021 6:12,0.659,0.639
2/21/2021 6:18,0.642,0.619
2/21/2021 6:24,0.626,0.6
2/21/2021 6:30,0.61,0.581
2/21/2021 6:36,0.594,0.566
2/21/2021 6:42,0.578,0.545
2/21/2021 6:48,0.563,0.521
2/21/2021 6:54,0.548,0.509
2/21/2021 7:00,0.533,0.498
2/21/2021 7:06,0.519,0.479
2/21/2021 7:12,0.504,0.461
2/21/2021 7:18,0.49,0.455
2/21/2021 7:24,0.476,0.44
2/21/2021 7:30,0.461,0.421
2/21/2021 7:36,0.447,0.421
2/21/2021 7:42,0.433,0.414
2/21/2021 7:48,0.42,0.407
2/21/2021 7:54,0.406,0.394
2/21/2021 8:00,0.393,0.393
2/21/2021 8:06,0.38,0.384
2/21/2021 8:12,0.367,0.384
2/21/2021 8:18,0.355,0.379
2/21/2021 8:24,0.344,0.374
2/21/2021 8:30,0.333,0.37
2/21/2021 8:36,0.323,0.364
2/21/2021 8:42,0.313,0.359
2/21/2021 8:48,0.305,0.36
2/21/2021 8:54,0.297,0.36
2/21/2021 9:00,0.291,0.364
2/21/2021 9:06,0.286,0.367
2/21/2021 9:12,0.281,0.379
2/21/2021 9:18,0.279,0.385
2/21/2021 9:24,0.277,0.391
2/21/2021 9:30,0.277,0.398
2/21/2021 9:36,0.279,0.403
2/21/2021 9:42,0.282,0.412
2/21/2021 9:48,0.286,0.409
2/21/2021 9:54,0.292,0.418
2/21/2021 10:00,0.299,0.43
2/21/2021 10:06,0.308,0.438
2/21/2021 10:12,0.318,0.445
2/21/2021 10:18,0.33,0.458
2/21/2021 10:24,0.343,0.476
2/21/2021 10:30,0.357,0.49
2/21/2021 10:36,0.373,0.502
2/21/2021 10:42,0.389,0.52
2/21/2021 10:48,0.406,0.534
2/21/2021 10:54,0.425,0.55
2/21/2021 11:00,0.444,0.565
2/21/2021 11:06,0.464,0.578
2/21/2021 11:12,0.484,0.589
2/21/2021 11:18,0.505,0.602
2/21/2021 11:24,0.526,0.614
2/21/2021 11:30,0.548,0.627
2/21/2021 11:36,0.569,0.639
2/21/2021 11:42,0.591,0.653
2/21/2021 11:48,0.613,0.665
2/21/2021 11:54,0.634,0.684
2/21/2021 12:00,0.656,0.702
2/21/2021 12:06,0.677,0.716
2/21/2021 12:12,0.697,0.728
2/21/2021 12:18,0.718,0.753
2/21/2021 12:24,0.738,0.769
2/21/2021 12:30,0.758,0.785
2/21/2021 12:36,0.777,0.8
2/21/2021 12:42,0.796,0.818
2/21/2021 12:48,0.814,0.831
2/21/2021 12:54,0.831,0.848
2/21/2021 13:00,0.848,0.866
2/21/2021 13:06,0.865,0.886
2/21/2021 13:12,0.881,0.9
2/21/2021 13:18,0.896,0.92
2/21/2021 13:24,0.911,0.937
2/21/2021 13:30,0.925,0.956
2/21/2021 13:36,0.939,0.965
2/21/2021 13:42,0.952,0.979
2/21/2021 13:48,0.964,0.998
2/21/2021 13:54,0.976,1.016
2/21/2021 14:00,0.987,1.031
2/21/2021 14:06,0.997,1.043
2/21/2021 14:12,1.006,1.06
2/21/2021 14:18,1.015,1.073
2/21/2021 14:24,1.023,1.083
2/21/2021 14:30,1.029,1.105
2/21/2021 14:36,1.035,1.117
2/21/2021 14:42,1.04,1.126
2/21/2021 14:48,1.044,1.124
2/21/2021 14:54,1.047,1.127
2/21/2021 15:00,1.049,1.132
2/21/2021 15:06,1.049,1.128
2/21/2021 15:12,1.048,1.12
2/21/2021 15:18,1.046,1.118
2/21/2021 15:24,1.043,1.115
2/21/2021 15:30,1.039,1.104
2/21/2021 15:36,1.033,1.103
2/21/2021 15:42,1.026,1.096
2/21/2021 15:48,1.017,1.087
2/21/2021 15:54,1.008,1.073
2/21/2021 16:00,0.997,1.056
2/21/2021 16:06,0.985,1.047
2/21/2021 16:12,0.972,1.032
2/21/2021 16:18,0.958,1.01
2/21/2021 16:24,0.942,0.989
2/21/2021 16:30,0.926,0.976
2/21/2021 16:36,0.909,0.96
2/21/2021 16:42,0.892,0.935
2/21/2021 16:48,0.873,0.921
2/21/2021 16:54,0.854,0.904
2/21/2021 17:00,0.835,0.892
2/21/2021 17:06,0.815,0.88
2/21/2021 17:12,0.795,0.862
2/21/2021 17:18,0.774,0.845
2/21/2021 17:24,0.754,0.827
2/21/2021 17:30,0.733,0.808
2/21/2021 17:36,0.713,0.789
2/21/2021 17:42,0.693,0.766
2/21/2021 17:48,0.673,0.744
2/21/2021 17:54,0.653,0.728
2/21/2021 18:00,0.634,0.715
2/21/2021 18:06,0.615,0.699
2/21/2021 18:12,0.597,0.682
2/21/2021 18:18,0.579,0.675
2/21/2021 18:24,0.561,0.665
2/21/2021 18:30,0.544,0.654
2/21/2021 18:36,0.528,0.64
2/21/2021 18:42,0.512,0.625
2/21/2021 18:48,0.496,0.616
2/21/2021 18:54,0.481,0.598
2/21/2021 19:00,0.466,0.586
2/21/2021 19:06,0.452,0.582
2/21/2021 19:12,0.438,0.549
2/21/2021 19:18,0.425,0.55
2/21/2021 19:24,0.412,0.539
2/21/2021 19:30,0.399,0.524
2/21/2021 19:36,0.387,0.514
2/21/2021 19:42,0.375,0.506
2/21/2021 19:48,0.363,0.493
2/21/2021 19:54,0.352,0.486
2/21/2021 20:00,0.341,0.478
2/21/2021 20:06,0.331,0.471
2/21/2021 20:12,0.321,0.457
2/21/2021 20:18,0.312,0.448
2/21/2021 20:24,0.303,0.439
2/21/2021 20:30,0.295,0.429
2/21/2021 20:36,0.288,0.418
2/21/2021 20:42,0.282,0.414
2/21/2021 20:48,0.276,0.408
2/21/2021 20:54,0.271,0.408
2/21/2021 21:00,0.267,0.4
2/21/2021 21:06,0.265,0.41
2/21/2021 21:12,0.263,0.415
2/21/2021 21:18,0.263,0.408
2/21/2021 21:24,0.264,0.424
2/21/2021 21:30,0.267,0.43
2/21/2021 21:36,0.271,0.434
2/21/2021 21:42,0.276,0.441
2/21/2021 21:48,0.283,0.451
2/21/2021 21:54,0.292,0.451
2/21/2021 22:00,0.302,0.472
2/21/2021 22:06,0.314,0.482
2/21/2021 22:12,0.328,0.492
2/21/2021 22:18,0.343,0.513
2/21/2021 22:24,0.359,0.535
2/21/2021 22:30,0.377,0.554
2/21/2021 22:36,0.397,0.58
2/21/2021 22:42,0.418,0.602
2/21/2021 22:48,0.44,0.639
2/21/2021 22:54,0.463,0.649
2/21/2021 23:00,0.488,0.681
2/21/2021 23:06,0.513,0.705
2/21/2021 23:12,0.539,0.739
2/21/2021 23:18,0.566,0.753
2/21/2021 23:24,0.594,0.782
2/21/2021 23:30,0.622,0.812
2/21/2021 23:36,0.65,0.842
2/21/2021 23:42,0.679,0.854
2/21/2021 23:48,0.707,0.895
2/21/2021 23:54,0.736,0.923
